-- phpMyAdmin SQL Dump
-- version 4.5.1
-- http://www.phpmyadmin.net
--
-- Host: 127.0.0.1
-- Generation Time: May 12, 2017 at 08:18 AM
-- Server version: 10.1.19-MariaDB
-- PHP Version: 5.5.38

SET SQL_MODE = "NO_AUTO_VALUE_ON_ZERO";
SET time_zone = "+00:00";


/*!40101 SET @OLD_CHARACTER_SET_CLIENT=@@CHARACTER_SET_CLIENT */;
/*!40101 SET @OLD_CHARACTER_SET_RESULTS=@@CHARACTER_SET_RESULTS */;
/*!40101 SET @OLD_COLLATION_CONNECTION=@@COLLATION_CONNECTION */;
/*!40101 SET NAMES utf8mb4 */;

--
-- Database: `sia`
--

-- --------------------------------------------------------

--
-- Table structure for table `akun`
--

CREATE TABLE `akun` (
  `id_akun` int(255) NOT NULL,
  `nama` varchar(255) NOT NULL,
  `kode_akun` varchar(255) NOT NULL,
  `status` varchar(255) NOT NULL
) ENGINE=InnoDB DEFAULT CHARSET=latin1;

--
-- Dumping data for table `akun`
--

INSERT INTO `akun` (`id_akun`, `nama`, `kode_akun`, `status`) VALUES
(6, 'Kas Besar', '10101', '1'),
(7, 'Bank BCA', '10201', '1'),
(8, 'Cash In Transit', '10300', '1'),
(9, 'Piutang Usaha', '10400', '1'),
(21, 'PPh pasal 25', '10804', '1'),
(22, 'PPN Masukan', '10806', '1'),
(23, 'Persediaan Bahan Baku', '11201', '1'),
(24, 'Persediaan Barang dalam Proses', '11202', '1'),
(25, 'Persediaan', '11203', '1'),
(26, 'Inventaris Kantor', '0300', '12'),
(27, 'Inventaris Pabrik', '0400', '12'),
(28, 'Kendaraan', '0500', '12'),
(29, 'Akm peny Invt Ktr', '9000', '12'),
(30, 'Akm Peny Invt Pbrk', '9001', '12'),
(31, 'Akm Peny Kendaraan', '9002', '12'),
(32, 'Hutang Usaha', '10100', '2'),
(46, 'Hutang Lain-Lain', '10399', '2'),
(47, 'Hutang PPh 21', '10401', '2'),
(48, 'Hutang PPh 23/26', '10402', '2'),
(49, 'Hutang PPh 25/29', '10403', '2'),
(50, 'Hutang PPN Keluaran', '10404', '2'),
(51, 'Hutang PPh Final Pasal 4 Ayat(2)', '10406', '2'),
(52, 'Hutang Biaya Gaji', '10501', '2'),
(53, 'Hutang Biaya Lain-Lain', '10599', '2'),
(54, 'Modal', '10100', '3'),
(55, 'Penjualan', '10100', '4'),
(57, 'Biaya Bahan Baku', '20200', '5'),
(58, 'Biaya Tenaga Kerja', '10400', '5'),
(59, 'Biaya Listrik Pabrik', '20500', '5'),
(60, 'Biaya Sewa', '20700', '5'),
(61, 'Biaya Pemeliharaan Pabrik', '21400', '5'),
(62, 'Biaya peny Inventaris Pabrik', '29900', '5'),
(64, 'Biaya Gaji Staff', '20101', '6'),
(65, 'Biaya THR Staff', '20102', '6'),
(66, 'Biaya Adm Kantor', '20200', '6'),
(67, 'Biaya Adm Bank', '20300', '6'),
(68, 'Biaya Telp,Fax & Internet', '20400', '6'),
(69, 'Biaya Dapur & Konsumsi', '20600', '6'),
(70, 'Biaya Air & Listrik', '20500', '6'),
(71, 'Biaya Tol,Parkir & BBM', '21000', '6'),
(72, 'Biaya Pengiriman', '21100', '6'),
(73, 'Biaya Pemeliharaan Kendaraan', '21200', '6'),
(74, 'Biaya Keamanan & Kebersian Lingkungan', '21300', '6'),
(75, 'Biaya Pemeliharaan Kantor', '21400', '6'),
(76, 'Biaya Pemasaran', '21600', '6'),
(77, 'Biaya Serba Serbi', '29800', '6'),
(78, 'Biaya Penyusutan Aktiva', '29900', '6'),
(79, 'Pendapatan Jasa Giro Bank BCA', '10100', '7'),
(80, 'Pajak Atas Giro Bank BCA', '10301', '7'),
(81, 'Pajak Penghasilan', '10100', '8'),
(82, 'Prive', '10200', '3');

-- --------------------------------------------------------

--
-- Table structure for table `akun_a`
--

CREATE TABLE `akun_a` (
  `id_akun_a` int(255) NOT NULL,
  `id_akun` int(255) NOT NULL,
  `saldo` int(255) NOT NULL,
  `id_periode` int(255) NOT NULL
) ENGINE=InnoDB DEFAULT CHARSET=latin1;

--
-- Dumping data for table `akun_a`
--

INSERT INTO `akun_a` (`id_akun_a`, `id_akun`, `saldo`, `id_periode`) VALUES
(6, 6, 5672450, 1),
(7, 7, 95724158, 1),
(8, 8, 0, 1),
(9, 9, 886182676, 1),
(21, 21, 0, 1),
(22, 22, 0, 1),
(23, 23, 0, 1),
(24, 24, 0, 1),
(25, 25, 0, 1),
(26, 26, 30000000, 1),
(27, 27, 13015000, 1),
(28, 28, 223400250, 1),
(29, 29, -11494448, 1),
(30, 30, -5494447, 1),
(31, 31, -67485492, 1),
(32, 32, 611287943, 1),
(46, 46, 0, 1),
(47, 47, 152750, 1),
(48, 48, 0, 1),
(49, 49, 1073175, 1),
(50, 50, 10343364, 1),
(51, 51, 0, 1),
(52, 52, 0, 1),
(53, 53, 0, 1),
(54, 54, 546662915, 1),
(55, 55, 0, 1),
(57, 57, 0, 1),
(58, 58, 0, 1),
(59, 59, 0, 1),
(60, 60, 0, 1),
(61, 61, 0, 1),
(62, 62, 0, 1),
(64, 64, 0, 1),
(65, 65, 0, 1),
(66, 66, 0, 1),
(67, 67, 0, 1),
(68, 68, 0, 1),
(69, 69, 0, 1),
(70, 70, 0, 1),
(71, 71, 0, 1),
(72, 72, 0, 1),
(73, 73, 0, 1),
(74, 74, 0, 1),
(75, 75, 0, 1),
(76, 76, 0, 1),
(77, 77, 0, 1),
(78, 78, 0, 1),
(79, 79, 0, 1),
(80, 80, 0, 1),
(81, 81, 0, 1),
(82, 82, 0, 1);

-- --------------------------------------------------------

--
-- Table structure for table `bahan_baku`
--

CREATE TABLE `bahan_baku` (
  `id_bahanbaku` int(255) NOT NULL,
  `id_akun` int(255) NOT NULL,
  `nama_bahan` varchar(255) NOT NULL,
  `qty` int(255) NOT NULL,
  `harga_satuan` int(255) NOT NULL,
  `harga_total` int(255) NOT NULL
) ENGINE=InnoDB DEFAULT CHARSET=latin1;

-- --------------------------------------------------------

--
-- Table structure for table `buku_besar`
--

CREATE TABLE `buku_besar` (
  `id_buku_besar` int(255) NOT NULL,
  `id_akun` int(255) NOT NULL,
  `saldo` int(255) NOT NULL,
  `id_periode` int(255) NOT NULL
) ENGINE=InnoDB DEFAULT CHARSET=latin1;

--
-- Dumping data for table `buku_besar`
--

INSERT INTO `buku_besar` (`id_buku_besar`, `id_akun`, `saldo`, `id_periode`) VALUES
(6, 6, 5672450, 1),
(7, 7, 95724158, 1),
(8, 8, 0, 1),
(9, 9, 886182676, 1),
(21, 21, 0, 1),
(22, 22, 0, 1),
(23, 23, 0, 1),
(24, 24, 0, 1),
(25, 25, 0, 1),
(26, 26, 30000000, 1),
(27, 27, 13015000, 1),
(28, 28, 223400250, 1),
(29, 29, -11494448, 1),
(30, 30, -5494447, 1),
(31, 31, -67485492, 1),
(32, 32, 611287943, 1),
(46, 46, 0, 1),
(47, 47, 152750, 1),
(48, 48, 0, 1),
(49, 49, 1073175, 1),
(50, 50, 10343364, 1),
(51, 51, 0, 1),
(52, 52, 0, 1),
(53, 53, 0, 1),
(54, 54, 546662915, 1),
(55, 55, 0, 1),
(57, 57, 0, 1),
(58, 58, 0, 1),
(59, 59, 0, 1),
(60, 60, 0, 1),
(61, 61, 0, 1),
(62, 62, 0, 1),
(64, 64, 0, 1),
(65, 65, 0, 1),
(66, 66, 0, 1),
(67, 67, 0, 1),
(68, 68, 0, 1),
(69, 69, 0, 1),
(70, 70, 0, 1),
(71, 71, 0, 1),
(72, 72, 0, 1),
(73, 73, 0, 1),
(74, 74, 0, 1),
(75, 75, 0, 1),
(76, 76, 0, 1),
(77, 77, 0, 1),
(78, 78, 0, 1),
(79, 79, 0, 1),
(80, 80, 0, 1),
(81, 81, 0, 1),
(82, 82, 0, 1);

-- --------------------------------------------------------

--
-- Table structure for table `customer`
--

CREATE TABLE `customer` (
  `id_cust` int(255) NOT NULL,
  `id_akun` int(255) NOT NULL,
  `nama_customer` varchar(255) NOT NULL,
  `saldo` int(255) NOT NULL
) ENGINE=InnoDB DEFAULT CHARSET=latin1;

--
-- Dumping data for table `customer`
--

INSERT INTO `customer` (`id_cust`, `id_akun`, `nama_customer`, `saldo`) VALUES
(1, 9, 'PT.Sandang Mutiara Cemerlang', 16324836),
(2, 9, ' PT.Asia Power Global', 154162000),
(3, 9, 'PT.Hanindo', 52909560),
(4, 9, 'PT.Kodasindo Tatasarana', 61784272),
(5, 9, ' PT.Golden Label Printing', 35787470),
(6, 9, 'Westapusaka Kusuma', 565212910),
(7, 9, 'PT.Shinw on Ebenezer', 5000000),
(8, 9, ' PT.Vivena Sinergy Cemerlang', 0),
(9, 9, 'PT.Bunga Teratai Cemerlang', 0),
(10, 9, 'PT.Young Lim', 0),
(11, 9, 'PT.Laximirani Mitra Garmindo', 0),
(12, 9, 'Pt.Trigolden Star Wisesa', 0);

-- --------------------------------------------------------

--
-- Table structure for table `isi_jurnal`
--

CREATE TABLE `isi_jurnal` (
  `id_isi_jurnal` int(255) NOT NULL,
  `id_jurnal` int(255) NOT NULL,
  `debet` int(255) NOT NULL,
  `credit` int(255) NOT NULL,
  `id_akun` int(255) NOT NULL
) ENGINE=InnoDB DEFAULT CHARSET=latin1;

--
-- Dumping data for table `isi_jurnal`
--

INSERT INTO `isi_jurnal` (`id_isi_jurnal`, `id_jurnal`, `debet`, `credit`, `id_akun`) VALUES
(1, 1, 8700000, 0, 64),
(2, 1, 0, 8700000, 6),
(3, 2, 10000000, 0, 6),
(4, 2, 0, 10000000, 7),
(7, 4, 8700000, 0, 64),
(8, 4, 0, 8700000, 6),
(9, 5, 8700000, 0, 64),
(10, 5, 0, 8700000, 6),
(11, 6, 9000000, 0, 6),
(12, 6, 0, 9000000, 7),
(13, 7, 9000000, 0, 6),
(14, 7, 0, 9000000, 7),
(15, 8, 8700000, 0, 64),
(16, 8, 0, 8700000, 6),
(17, 9, 8700000, 0, 64),
(18, 9, 0, 8700000, 6),
(19, 10, 8700000, 0, 64),
(20, 10, 0, 8700000, 6),
(21, 11, 8700000, 0, 64),
(22, 11, 0, 8700000, 6),
(23, 12, 8700000, 0, 64),
(24, 12, 0, 8700000, 6),
(25, 13, 8700000, 0, 64),
(26, 13, 0, 8700000, 6),
(27, 14, 8700000, 0, 64),
(28, 14, 0, 8700000, 6),
(29, 15, 8700000, 0, 64),
(30, 15, 0, 8700000, 6),
(31, 16, 8700000, 0, 64),
(32, 16, 0, 8700000, 6),
(33, 17, 3650000, 0, 58),
(34, 17, 0, 3650000, 6),
(35, 18, 3650000, 0, 58),
(36, 18, 0, 3650000, 6),
(37, 19, 3650000, 0, 58),
(38, 19, 0, 3650000, 6),
(39, 20, 3650000, 0, 58),
(40, 20, 0, 3650000, 6),
(41, 21, 3650000, 0, 58),
(42, 21, 0, 3650000, 6),
(43, 22, 3650000, 0, 58),
(44, 22, 0, 3650000, 6),
(45, 23, 3650000, 0, 58),
(46, 23, 0, 3650000, 6),
(47, 24, 3650000, 0, 58),
(48, 24, 0, 3650000, 6),
(49, 25, 3650000, 0, 58),
(50, 25, 0, 3650000, 6),
(51, 26, 3650000, 0, 58),
(52, 26, 0, 3650000, 6),
(53, 27, 3650000, 0, 58),
(54, 27, 0, 3650000, 6),
(55, 28, 3650000, 0, 58),
(56, 28, 0, 3650000, 6),
(57, 28, 7000, 0, 67),
(58, 28, 0, 7000, 7),
(59, 28, 8000, 0, 67),
(60, 28, 0, 8000, 7),
(63, 30, 7000, 0, 67),
(64, 30, 0, 7000, 7),
(65, 31, 8000, 0, 67),
(66, 31, 0, 8000, 7),
(67, 32, 8000, 0, 67),
(68, 32, 0, 8000, 7),
(69, 33, 6000, 0, 67),
(70, 33, 0, 6000, 7),
(71, 34, 7000, 0, 67),
(72, 34, 0, 7000, 7),
(73, 35, 7000, 0, 67),
(74, 35, 0, 7000, 7),
(75, 36, 8000, 0, 67),
(76, 36, 0, 8000, 7),
(77, 37, 5000, 0, 67),
(78, 37, 0, 5000, 7),
(79, 38, 6000, 0, 67),
(80, 38, 0, 6000, 7),
(81, 39, 7000, 0, 67),
(82, 39, 0, 7000, 7),
(83, 40, 7000, 0, 67),
(84, 40, 0, 7000, 7),
(85, 41, 6000, 0, 67),
(86, 41, 0, 6000, 7),
(87, 42, 7000, 0, 71),
(88, 42, 0, 7000, 6),
(89, 43, 14000, 0, 71),
(90, 43, 0, 14000, 6),
(91, 44, 5000, 0, 71),
(92, 44, 0, 5000, 6),
(93, 45, 18000, 0, 71),
(94, 45, 0, 18000, 6),
(95, 46, 200000, 0, 71),
(96, 46, 0, 200000, 6),
(97, 47, 14000, 0, 71),
(98, 47, 0, 14000, 6),
(99, 48, 18000, 0, 71),
(100, 48, 0, 18000, 6),
(101, 49, 200000, 0, 71),
(102, 49, 0, 200000, 6),
(103, 50, 17000, 0, 71),
(104, 50, 0, 17000, 6),
(105, 51, 20000, 0, 71),
(106, 51, 0, 20000, 6),
(107, 52, 12000, 0, 71),
(108, 52, 0, 12000, 6),
(109, 53, 200000, 0, 71),
(110, 53, 0, 200000, 6),
(111, 54, 7000, 0, 71),
(112, 54, 0, 7000, 6),
(113, 55, 12000, 0, 71),
(114, 55, 0, 12000, 6),
(115, 56, 12000, 0, 71),
(116, 56, 0, 12000, 6),
(117, 57, 200000, 0, 71),
(118, 57, 0, 200000, 6),
(119, 58, 7000, 0, 71),
(120, 58, 0, 7000, 6),
(121, 59, 14000, 0, 71),
(122, 59, 0, 14000, 6),
(123, 60, 200, 0, 71),
(124, 60, 0, 200, 6),
(125, 61, 18000, 0, 71),
(126, 61, 0, 18000, 6),
(129, 63, 5000, 0, 71),
(130, 63, 0, 5000, 6),
(131, 64, 5000, 0, 71),
(132, 64, 0, 5000, 6),
(133, 65, 14000, 0, 71),
(134, 65, 0, 14000, 6),
(135, 66, 200000, 0, 71),
(136, 66, 0, 200000, 6),
(137, 67, 7000, 0, 71),
(138, 67, 0, 7000, 6),
(139, 68, 5000, 0, 71),
(140, 68, 0, 5000, 6),
(141, 69, 20000, 0, 71),
(142, 69, 0, 20000, 6),
(143, 70, 200000, 0, 71),
(144, 70, 0, 200000, 6),
(145, 71, 7000, 0, 71),
(146, 71, 0, 7000, 6),
(147, 72, 14000, 0, 71),
(148, 72, 0, 14000, 6),
(149, 73, 214000, 0, 71),
(150, 73, 0, 214000, 6),
(151, 74, 6000, 0, 71),
(152, 74, 0, 6000, 6),
(153, 75, 14000, 0, 71),
(154, 75, 0, 14000, 6),
(155, 76, 7000, 0, 71),
(156, 76, 0, 7000, 6),
(157, 77, 18000, 0, 71),
(158, 77, 0, 18000, 6),
(159, 78, 200000, 0, 71),
(160, 78, 0, 200000, 6),
(161, 79, 18000, 0, 71),
(162, 79, 0, 18000, 6),
(163, 80, 20000, 0, 71),
(164, 80, 0, 20000, 6),
(165, 81, 6000, 0, 71),
(166, 81, 0, 6000, 6),
(167, 82, 14000, 0, 71),
(168, 82, 0, 14000, 6),
(169, 83, 207000, 0, 71),
(170, 83, 0, 207000, 6),
(171, 84, 7000, 0, 71),
(172, 84, 0, 7000, 6),
(173, 85, 14000, 0, 71),
(174, 85, 0, 14000, 6),
(175, 86, 10000, 0, 71),
(176, 86, 0, 10000, 6),
(179, 88, 200000, 0, 71),
(180, 88, 0, 200000, 6),
(181, 89, 8000, 0, 71),
(182, 89, 0, 8000, 6),
(183, 90, 7000, 0, 71),
(184, 90, 0, 7000, 6),
(185, 91, 18000, 0, 71),
(186, 91, 0, 18000, 6),
(187, 92, 18000, 0, 71),
(188, 92, 0, 18000, 6),
(189, 93, 200000, 0, 71),
(190, 93, 0, 200000, 6),
(191, 94, 18000, 0, 71),
(192, 94, 0, 18000, 6),
(193, 95, 14000, 0, 71),
(194, 95, 0, 14000, 6),
(195, 96, 18000, 0, 71),
(196, 96, 0, 18000, 6),
(197, 97, 14000, 0, 71),
(198, 97, 0, 14000, 6),
(199, 98, 21000, 0, 71),
(200, 98, 0, 21000, 6),
(201, 99, 214000, 0, 71),
(202, 99, 0, 214000, 6),
(203, 100, 7000, 0, 71),
(204, 100, 0, 7000, 6),
(205, 101, 6000, 0, 71),
(206, 101, 0, 6000, 6),
(207, 102, 8000, 0, 71),
(208, 102, 0, 8000, 6),
(209, 103, 208000, 0, 71),
(210, 103, 0, 208000, 6),
(213, 105, 7000, 0, 71),
(214, 105, 0, 7000, 6),
(215, 106, 18000, 0, 71),
(216, 106, 0, 18000, 6),
(217, 107, 200000, 0, 71),
(218, 107, 0, 200000, 6),
(219, 108, 7000, 0, 71),
(220, 108, 0, 7000, 6),
(221, 109, 150000, 0, 71),
(222, 109, 0, 150000, 6),
(223, 110, 14000, 0, 71),
(224, 110, 0, 14000, 6),
(225, 111, 10000, 0, 71),
(226, 111, 0, 10000, 6),
(227, 112, 13000, 0, 71),
(228, 112, 0, 13000, 6),
(229, 113, 7000, 0, 71),
(230, 113, 0, 7000, 6),
(231, 114, 200000, 0, 71),
(232, 114, 0, 200000, 6),
(233, 115, 7000, 0, 71),
(234, 115, 0, 7000, 6),
(235, 116, 14000, 0, 71),
(236, 116, 0, 14000, 6),
(237, 117, 7000, 0, 71),
(238, 117, 0, 7000, 6),
(239, 118, 200000, 0, 71),
(240, 118, 0, 200000, 6),
(241, 119, 14000, 0, 71),
(242, 119, 0, 14000, 6),
(245, 121, 10000, 0, 71),
(246, 121, 0, 10000, 6),
(247, 122, 150000, 0, 71),
(248, 122, 0, 150000, 6),
(249, 123, 12000, 0, 71),
(250, 123, 0, 12000, 6),
(251, 124, 18000, 0, 71),
(252, 124, 0, 18000, 6),
(253, 125, 14000, 0, 71),
(254, 125, 0, 14000, 6),
(255, 126, 7000, 0, 71),
(256, 126, 0, 7000, 6),
(257, 127, 7000, 0, 71),
(258, 127, 0, 7000, 6),
(259, 128, 200000, 0, 71),
(260, 128, 0, 200000, 6),
(261, 129, 10000, 0, 71),
(262, 129, 0, 10000, 6),
(263, 130, 14000, 0, 71),
(264, 130, 0, 14000, 6),
(265, 131, 18000, 0, 71),
(266, 131, 0, 18000, 6),
(267, 132, 200000, 0, 71),
(268, 132, 0, 200000, 6),
(269, 133, 12000, 0, 71),
(270, 133, 0, 12000, 6),
(271, 134, 7000, 0, 71),
(272, 134, 0, 7000, 6),
(273, 135, 10000, 0, 71),
(274, 135, 0, 10000, 6),
(275, 136, 150000, 0, 71),
(276, 136, 0, 150000, 6),
(277, 137, 14000, 0, 71),
(278, 137, 0, 14000, 6),
(279, 138, 12000, 0, 71),
(280, 138, 0, 12000, 6),
(281, 139, 7000, 0, 71),
(282, 139, 0, 7000, 6),
(283, 140, 200000, 0, 71),
(284, 140, 0, 200000, 6),
(285, 141, 7000, 0, 67),
(286, 141, 0, 7000, 7),
(287, 142, 12000, 0, 71),
(288, 142, 0, 12000, 6),
(289, 143, 7000, 0, 71),
(290, 143, 0, 7000, 6),
(291, 144, 14000, 0, 71),
(292, 144, 0, 14000, 6),
(293, 145, 214000, 0, 71),
(294, 145, 0, 214000, 6),
(295, 146, 18000, 0, 71),
(296, 146, 0, 18000, 6),
(297, 147, 14000, 0, 71),
(298, 147, 0, 14000, 6),
(299, 148, 10000, 0, 71),
(300, 148, 0, 10000, 6),
(301, 149, 200000, 0, 71),
(302, 149, 0, 200000, 6),
(303, 150, 14000, 0, 71),
(304, 150, 0, 14000, 6),
(305, 151, 12000, 0, 71),
(306, 151, 0, 12000, 6),
(307, 152, 7000, 0, 71),
(308, 152, 0, 7000, 6),
(309, 153, 14000, 0, 71),
(310, 153, 0, 14000, 6),
(311, 154, 14000, 0, 71),
(312, 154, 0, 14000, 6),
(313, 155, 200000, 0, 71),
(314, 155, 0, 200000, 6),
(315, 156, 14000, 0, 71),
(316, 156, 0, 14000, 6),
(317, 157, 7000, 0, 71),
(318, 157, 0, 7000, 6),
(319, 158, 10000, 0, 71),
(320, 158, 0, 10000, 6),
(321, 159, 150000, 0, 71),
(322, 159, 0, 150000, 6),
(323, 160, 10000, 0, 71),
(324, 160, 0, 10000, 6),
(325, 161, 7000, 0, 71),
(326, 161, 0, 7000, 6),
(327, 162, 10000, 0, 71),
(328, 162, 0, 10000, 6),
(329, 163, 150000, 0, 71),
(330, 163, 0, 150000, 6),
(331, 164, 7000, 0, 71),
(332, 164, 0, 7000, 6),
(333, 165, 12000, 0, 71),
(334, 165, 0, 12000, 6),
(335, 166, 18000, 0, 71),
(336, 166, 0, 18000, 6),
(337, 167, 14000, 0, 71),
(338, 167, 0, 14000, 6),
(339, 168, 200000, 0, 71),
(340, 168, 0, 200000, 6),
(341, 169, 7000, 0, 71),
(342, 169, 0, 7000, 6),
(343, 170, 12000, 0, 71),
(344, 170, 0, 12000, 6),
(345, 171, 7000, 0, 71),
(346, 171, 0, 7000, 6),
(347, 172, 10000, 0, 71),
(348, 172, 0, 10000, 6),
(349, 173, 7000, 0, 71),
(350, 173, 0, 7000, 6),
(351, 174, 200000, 0, 71),
(352, 174, 0, 200000, 6),
(353, 175, 10000, 0, 71),
(354, 175, 0, 10000, 6),
(355, 176, 12000, 0, 71),
(356, 176, 0, 12000, 6),
(357, 177, 7000, 0, 71),
(358, 177, 0, 7000, 6),
(359, 178, 18000, 0, 71),
(360, 178, 0, 18000, 6),
(361, 179, 7000, 0, 71),
(362, 179, 0, 7000, 6),
(363, 180, 200000, 0, 71),
(364, 180, 0, 200000, 6),
(365, 181, 10000, 0, 71),
(366, 181, 0, 10000, 6),
(367, 182, 7000, 0, 71),
(368, 182, 0, 7000, 6),
(369, 183, 10000, 0, 71),
(370, 183, 0, 10000, 6),
(371, 184, 150000, 0, 71),
(372, 184, 0, 150000, 6),
(373, 185, 7000, 0, 71),
(374, 185, 0, 7000, 6),
(375, 186, 14000, 0, 71),
(376, 186, 0, 14000, 6),
(377, 187, 6000, 0, 71),
(378, 187, 0, 6000, 6),
(379, 188, 7000, 0, 71),
(380, 188, 0, 7000, 6),
(381, 189, 12000, 0, 71),
(382, 189, 0, 12000, 6),
(383, 190, 200000, 0, 71),
(384, 190, 0, 200000, 6),
(385, 191, 5000, 0, 71),
(386, 191, 0, 5000, 6),
(387, 192, 18000, 0, 71),
(388, 192, 0, 18000, 6),
(389, 193, 10000, 0, 71),
(390, 193, 0, 10000, 6),
(391, 194, 14000, 0, 71),
(392, 194, 0, 14000, 6),
(393, 195, 12000, 0, 71),
(394, 195, 0, 12000, 6),
(395, 196, 150000, 0, 71),
(396, 196, 0, 150000, 6),
(397, 197, 7000, 0, 71),
(398, 197, 0, 7000, 6),
(399, 198, 12000, 0, 71),
(400, 198, 0, 12000, 6),
(401, 199, 5000, 0, 71),
(402, 199, 0, 5000, 6),
(403, 200, 150000, 0, 71),
(404, 200, 0, 150000, 6),
(407, 202, 5000, 0, 71),
(408, 202, 0, 5000, 6),
(409, 203, 7000, 0, 71),
(410, 203, 0, 7000, 6),
(411, 204, 7000, 0, 71),
(412, 204, 0, 7000, 6),
(413, 205, 150000, 0, 71),
(414, 205, 0, 150000, 6),
(415, 206, 7000, 0, 71),
(416, 206, 0, 7000, 6),
(417, 207, 14000, 0, 71),
(418, 207, 0, 14000, 6),
(419, 208, 473200, 0, 70),
(420, 208, 0, 473200, 6),
(421, 209, 523400, 0, 70),
(422, 209, 0, 523400, 6),
(423, 210, 576800, 0, 70),
(424, 210, 0, 576800, 6),
(425, 211, 547200, 0, 70),
(426, 211, 0, 547200, 6),
(427, 212, 633400, 0, 70),
(428, 212, 0, 633400, 6),
(429, 213, 584700, 0, 70),
(430, 213, 0, 584700, 6),
(435, 216, 643800, 0, 70),
(436, 216, 0, 643800, 6),
(441, 219, 673200, 0, 70),
(442, 219, 0, 673200, 6),
(443, 220, 582700, 0, 70),
(444, 220, 0, 582700, 6),
(445, 221, 624300, 0, 70),
(446, 221, 0, 624300, 6),
(447, 222, 621400, 0, 70),
(448, 222, 0, 621400, 6),
(465, 231, 435000, 0, 68),
(466, 231, 0, 435000, 6),
(467, 232, 435000, 0, 68),
(468, 232, 0, 435000, 6),
(469, 233, 435000, 0, 68),
(470, 233, 0, 435000, 6),
(471, 234, 435000, 0, 68),
(472, 234, 0, 435000, 6),
(473, 235, 435000, 0, 68),
(474, 235, 0, 435000, 6),
(475, 236, 435000, 0, 68),
(476, 236, 0, 435000, 6),
(477, 237, 435000, 0, 68),
(478, 237, 0, 435000, 6),
(479, 238, 435000, 0, 68),
(480, 238, 0, 435000, 6),
(481, 239, 435000, 0, 68),
(482, 239, 0, 435000, 6),
(483, 240, 435000, 0, 68),
(484, 240, 0, 435000, 6),
(485, 241, 435000, 0, 68),
(486, 241, 0, 435000, 6),
(487, 242, 435000, 0, 68),
(488, 242, 0, 435000, 6),
(489, 243, 21000, 0, 69),
(490, 243, 0, 21000, 6),
(491, 244, 18, 0, 69),
(492, 244, 0, 18, 6),
(493, 245, 12000, 0, 69),
(494, 245, 0, 12000, 6),
(495, 246, 150000, 0, 74),
(496, 246, 0, 150000, 6),
(497, 247, 150000, 0, 74),
(498, 247, 0, 150000, 6),
(499, 248, 150000, 0, 74),
(500, 248, 0, 150000, 6),
(501, 249, 150000, 0, 74),
(502, 249, 0, 150000, 6),
(503, 250, 150000, 0, 74),
(504, 250, 0, 150000, 6),
(505, 251, 150000, 0, 74),
(506, 251, 0, 150000, 6),
(507, 252, 150000, 0, 74),
(508, 252, 0, 150000, 6),
(509, 253, 150000, 0, 74),
(510, 253, 0, 150000, 6),
(511, 254, 150000, 0, 74),
(512, 254, 0, 150000, 6),
(513, 255, 150000, 0, 74),
(514, 255, 0, 150000, 6),
(515, 256, 150000, 0, 74),
(516, 256, 0, 150000, 6),
(517, 257, 150000, 0, 74),
(518, 257, 0, 150000, 6),
(519, 258, 24500, 0, 66),
(520, 258, 0, 24500, 6),
(521, 259, 27000, 0, 66),
(522, 259, 0, 27000, 6),
(523, 260, 140000, 0, 66),
(524, 260, 0, 140000, 6),
(525, 261, 36000, 0, 66),
(526, 261, 0, 36000, 6),
(527, 262, 54000, 0, 66),
(528, 262, 0, 54000, 6),
(529, 263, 3742500, 0, 23),
(530, 263, 0, 3742500, 6),
(531, 264, 3742500, 0, 24),
(532, 264, 0, 3742500, 23),
(533, 265, 3742500, 0, 25),
(534, 265, 0, 3742500, 24),
(539, 267, 4680000, 0, 23),
(540, 267, 0, 4680000, 32),
(541, 268, 4680000, 0, 24),
(542, 268, 0, 4680000, 23),
(543, 269, 4680000, 0, 25),
(544, 269, 0, 4680000, 24),
(549, 271, 4680000, 0, 32),
(550, 271, 0, 4680000, 6),
(551, 272, 3407000, 0, 23),
(552, 272, 0, 3407000, 32),
(553, 273, 3407000, 0, 24),
(554, 273, 0, 3407000, 23),
(555, 274, 3407000, 0, 25),
(556, 274, 0, 3407000, 24),
(563, 277, 3407000, 0, 32),
(564, 277, 0, 3407000, 6),
(565, 278, 2650500, 0, 23),
(566, 278, 0, 2650500, 6),
(567, 279, 2650500, 0, 24),
(568, 279, 0, 2650500, 23),
(569, 280, 2650500, 0, 25),
(570, 280, 0, 2650500, 24),
(571, 281, 4370000, 0, 6),
(572, 281, 0, 4370000, 55),
(573, 281, 2650500, 0, 57),
(574, 281, 0, 2650500, 25),
(575, 282, 1843200, 0, 23),
(576, 282, 0, 1843200, 32),
(577, 283, 1843200, 0, 24),
(578, 283, 0, 1843200, 23),
(579, 284, 1843200, 0, 25),
(580, 284, 0, 1843200, 24),
(581, 285, 3840000, 0, 6),
(582, 285, 0, 3840000, 55),
(583, 285, 1843200, 0, 57),
(584, 285, 0, 1843200, 25),
(585, 286, 1843200, 0, 32),
(586, 286, 0, 1843200, 6),
(587, 287, 3502800, 0, 23),
(588, 287, 0, 3502800, 6),
(589, 288, 3502800, 0, 24),
(590, 288, 0, 3502800, 23),
(591, 289, 3502800, 0, 25),
(592, 289, 0, 3502800, 24),
(597, 291, 3502800, 0, 32),
(598, 291, 0, 3502800, 6),
(599, 292, 3728000, 0, 23),
(600, 292, 0, 3728000, 32),
(601, 293, 3728000, 0, 24),
(602, 293, 0, 3728000, 23),
(603, 294, 3728000, 0, 25),
(604, 294, 0, 3728000, 24),
(605, 295, 5300000, 0, 6),
(606, 295, 0, 5300000, 55),
(607, 295, 3728000, 0, 57),
(608, 295, 0, 3728000, 25),
(609, 296, 3728000, 0, 32),
(610, 296, 0, 3728000, 6),
(611, 297, 3648700, 0, 23),
(612, 297, 0, 3648700, 32),
(613, 298, 3648700, 0, 24),
(614, 298, 0, 3648700, 23),
(615, 299, 3648700, 0, 25),
(616, 299, 0, 3648700, 24),
(617, 300, 5180000, 0, 6),
(618, 300, 0, 5180000, 55),
(619, 300, 3648700, 0, 57),
(620, 300, 0, 3648700, 25),
(621, 301, 3648700, 0, 32),
(622, 301, 0, 3648700, 6),
(623, 302, 5438000, 0, 23),
(624, 302, 0, 5438000, 6),
(625, 303, 5438000, 0, 24),
(626, 303, 0, 5438000, 23),
(627, 304, 5438000, 0, 25),
(628, 304, 0, 5438000, 24),
(629, 305, 8654000, 0, 6),
(630, 305, 0, 8654000, 55),
(631, 305, 5438000, 0, 57),
(632, 305, 0, 5438000, 25),
(633, 306, 10629300, 0, 23),
(634, 306, 0, 10629300, 6),
(635, 307, 10629300, 0, 24),
(636, 307, 0, 10629300, 23),
(639, 309, 14670000, 0, 6),
(640, 309, 0, 14670000, 55),
(641, 309, 10629300, 0, 57),
(642, 309, 0, 10629300, 25),
(643, 310, 10629300, 0, 25),
(644, 310, 0, 10629300, 24),
(645, 311, 6923000, 0, 23),
(646, 311, 0, 6923000, 6),
(647, 312, 6923000, 0, 24),
(648, 312, 0, 6923000, 23),
(649, 313, 6923000, 0, 25),
(650, 313, 0, 6923000, 24),
(651, 314, 10430300, 0, 6),
(652, 314, 0, 10430300, 55),
(653, 314, 6923000, 0, 57),
(654, 314, 0, 6923000, 25),
(657, 316, 13350000, 0, 23),
(658, 316, 0, 13350000, 6),
(659, 317, 13350000, 0, 24),
(660, 317, 0, 13350000, 23),
(661, 318, 13350000, 0, 25),
(662, 318, 0, 13350000, 24),
(663, 319, 18000000, 0, 6),
(664, 319, 0, 18000000, 55),
(665, 319, 13350000, 0, 57),
(666, 319, 0, 13350000, 25),
(667, 320, 4146800, 0, 23),
(668, 320, 0, 4146800, 6),
(669, 321, 4146800, 0, 24),
(670, 321, 0, 4146800, 23),
(671, 322, 4146800, 0, 25),
(672, 322, 0, 4146800, 24),
(673, 323, 7340000, 0, 6),
(674, 323, 0, 7340000, 55),
(675, 323, 4146800, 0, 57),
(676, 323, 0, 4146800, 25),
(677, 324, 6400000, 0, 23),
(678, 324, 0, 6400000, 6),
(679, 325, 6400000, 0, 24),
(680, 325, 0, 6400000, 23),
(681, 326, 6400000, 0, 25),
(682, 326, 0, 6400000, 24),
(683, 327, 9300000, 0, 6),
(684, 327, 0, 9300000, 55),
(685, 327, 6400000, 0, 57),
(686, 327, 0, 6400000, 25),
(687, 328, 8560000, 0, 23),
(688, 328, 0, 8560000, 6),
(689, 329, 8560000, 0, 24),
(690, 329, 0, 8560000, 23),
(691, 330, 8560000, 0, 25),
(692, 330, 0, 8560000, 24),
(693, 331, 12658000, 0, 6),
(694, 331, 0, 12658000, 55),
(695, 331, 8560000, 0, 57),
(696, 331, 0, 8560000, 25),
(697, 332, 3568000, 0, 23),
(698, 332, 0, 3568000, 6),
(699, 333, 3568000, 0, 24),
(700, 333, 0, 3568000, 23),
(701, 334, 3568000, 0, 25),
(702, 334, 0, 3568000, 24),
(703, 335, 5734000, 0, 6),
(704, 335, 0, 5734000, 55),
(705, 335, 3568000, 0, 57),
(706, 335, 0, 3568000, 25),
(707, 336, 16780000, 0, 23),
(708, 336, 0, 16780000, 32),
(709, 337, 16780000, 0, 24),
(710, 337, 0, 16780000, 23),
(711, 338, 16780000, 0, 25),
(712, 338, 0, 16780000, 24),
(713, 339, 20462000, 0, 6),
(714, 339, 0, 20462000, 55),
(715, 339, 16780000, 0, 57),
(716, 339, 0, 16780000, 25),
(717, 340, 16780000, 0, 32),
(718, 340, 0, 16780000, 6),
(719, 341, 6382000, 0, 23),
(720, 341, 0, 6382000, 32),
(721, 342, 6382000, 0, 24),
(722, 342, 0, 6382000, 23),
(723, 343, 6382000, 0, 25),
(724, 343, 0, 6382000, 24),
(725, 344, 10290000, 0, 9),
(726, 344, 0, 10290000, 55),
(727, 345, 10290000, 0, 6),
(728, 345, 0, 10290000, 9),
(729, 346, 6382000, 0, 32),
(730, 346, 0, 6382000, 6),
(731, 347, 6980000, 0, 23),
(732, 347, 0, 6980000, 6),
(733, 348, 6980000, 0, 24),
(734, 348, 0, 6980000, 23),
(735, 349, 6980000, 0, 25),
(736, 349, 0, 6980000, 24),
(737, 350, 10500000, 0, 9),
(738, 350, 0, 10500000, 55),
(739, 351, 10500000, 0, 6),
(740, 351, 0, 10500000, 9),
(741, 352, 5490000, 0, 23),
(742, 352, 0, 5490000, 32),
(743, 353, 5490000, 0, 24),
(744, 353, 0, 5490000, 23),
(745, 354, 5490000, 0, 25),
(746, 354, 0, 5490000, 24),
(747, 355, 9760000, 0, 6),
(748, 355, 0, 9760000, 55),
(749, 355, 5490000, 0, 57),
(750, 355, 0, 5490000, 25),
(751, 356, 7640000, 0, 23),
(752, 356, 0, 7640000, 32),
(753, 357, 7640000, 0, 24),
(754, 357, 0, 7640000, 23),
(755, 358, 7640000, 0, 25),
(756, 358, 0, 7640000, 24),
(757, 359, 10965000, 0, 6),
(758, 359, 0, 10965000, 55),
(759, 359, 7640000, 0, 57),
(760, 359, 0, 7640000, 25),
(761, 360, 7640000, 0, 32),
(762, 360, 0, 7640000, 6),
(763, 361, 5680000, 0, 23),
(764, 361, 0, 5680000, 6),
(765, 362, 5680000, 0, 24),
(766, 362, 0, 5680000, 23),
(767, 363, 5680000, 0, 25),
(768, 363, 0, 5680000, 24),
(769, 364, 7650000, 0, 6),
(770, 364, 0, 7650000, 55),
(771, 364, 5680000, 0, 57),
(772, 364, 0, 5680000, 25),
(773, 365, 5680000, 0, 32),
(774, 365, 0, 5680000, 6),
(775, 366, 3200000, 0, 23),
(776, 366, 0, 3200000, 6),
(777, 367, 3200000, 0, 24),
(778, 367, 0, 3200000, 23),
(779, 368, 3200000, 0, 25),
(780, 368, 0, 3200000, 24),
(781, 369, 5600000, 0, 6),
(782, 369, 0, 5600000, 55),
(783, 369, 3200000, 0, 57),
(784, 369, 0, 3200000, 25),
(785, 370, 3340000, 0, 23),
(786, 370, 0, 3340000, 6),
(787, 371, 3340000, 0, 24),
(788, 371, 0, 3340000, 23),
(789, 372, 3340000, 0, 25),
(790, 372, 0, 3340000, 24),
(791, 373, 5760000, 0, 6),
(792, 373, 0, 5760000, 55),
(793, 373, 3340000, 0, 57),
(794, 373, 0, 3340000, 25),
(795, 374, 4360000, 0, 23),
(796, 374, 0, 4360000, 32),
(797, 375, 4360000, 0, 24),
(798, 375, 0, 4360000, 23),
(799, 376, 4360000, 0, 25),
(800, 376, 0, 4360000, 24),
(801, 377, 7600000, 0, 6),
(802, 377, 0, 7600000, 55),
(803, 377, 4360000, 0, 57),
(804, 377, 0, 4360000, 25),
(805, 378, 4360000, 0, 32),
(806, 378, 0, 4360000, 6),
(807, 379, 4320000, 0, 23),
(808, 379, 0, 4320000, 6),
(809, 380, 4320000, 0, 24),
(810, 380, 0, 4320000, 23),
(811, 381, 4320000, 0, 25),
(812, 381, 0, 4320000, 24),
(813, 382, 9248000, 0, 6),
(814, 382, 0, 9248000, 55),
(815, 382, 4320000, 0, 57),
(816, 382, 0, 4320000, 25),
(817, 383, 13790000, 0, 23),
(818, 383, 0, 13790000, 32),
(819, 384, 13790000, 0, 24),
(820, 384, 0, 13790000, 23),
(821, 385, 13790000, 0, 25),
(822, 385, 0, 13790000, 24),
(823, 386, 17800000, 0, 6),
(824, 386, 0, 17800000, 55),
(825, 386, 13790000, 0, 57),
(826, 386, 0, 13790000, 25),
(827, 387, 5800000, 0, 32),
(828, 387, 0, 5800000, 6),
(829, 388, 7990000, 0, 32),
(830, 388, 0, 7990000, 6),
(831, 389, 5890000, 0, 23),
(832, 389, 0, 5890000, 6),
(833, 390, 5890000, 0, 24),
(834, 390, 0, 5890000, 23),
(835, 391, 5890000, 0, 25),
(836, 391, 0, 5890000, 24),
(837, 392, 10200000, 0, 6),
(838, 392, 0, 10200000, 55),
(839, 392, 5890000, 0, 57),
(840, 392, 0, 5890000, 25),
(841, 393, 8470000, 0, 23),
(842, 393, 0, 8470000, 32),
(843, 394, 8470000, 0, 24),
(844, 394, 0, 8470000, 23),
(845, 395, 8470000, 0, 25),
(846, 395, 0, 8470000, 24),
(847, 396, 14570000, 0, 6),
(848, 396, 0, 14570000, 55),
(849, 396, 8470000, 0, 57),
(850, 396, 0, 8470000, 25),
(851, 397, 8470000, 0, 32),
(852, 397, 0, 8470000, 6),
(853, 398, 4762800, 0, 23),
(854, 398, 0, 4762800, 6),
(855, 399, 4762800, 0, 24),
(856, 399, 0, 4762800, 23),
(857, 400, 4762800, 0, 25),
(858, 400, 0, 4762800, 24),
(859, 401, 8863000, 0, 6),
(860, 401, 0, 8863000, 55),
(861, 401, 4762800, 0, 57),
(862, 401, 0, 4762800, 25),
(863, 402, 14973000, 0, 23),
(864, 402, 0, 14973000, 32),
(865, 403, 14973000, 0, 24),
(866, 403, 0, 14973000, 23),
(867, 404, 14973000, 0, 25),
(868, 404, 0, 14973000, 24),
(869, 405, 19800000, 0, 6),
(870, 405, 0, 19800000, 55),
(871, 405, 14973000, 0, 57),
(872, 405, 0, 14973000, 25),
(873, 406, 7973000, 0, 32),
(874, 406, 0, 7973000, 6),
(875, 407, 7000000, 0, 32),
(876, 407, 0, 7000000, 6),
(877, 408, 5700000, 0, 23),
(878, 408, 0, 5700000, 6),
(879, 409, 5700000, 0, 24),
(880, 409, 0, 5700000, 23),
(881, 410, 5700000, 0, 25),
(882, 410, 0, 5700000, 24),
(883, 411, 9400000, 0, 6),
(884, 411, 0, 9400000, 55),
(885, 411, 5700000, 0, 57),
(886, 411, 0, 5700000, 25),
(887, 412, 7869000, 0, 23),
(888, 412, 0, 7869000, 6),
(889, 413, 7869000, 0, 24),
(890, 413, 0, 7869000, 23),
(891, 414, 7869000, 0, 25),
(892, 414, 0, 7869000, 24),
(893, 415, 11432000, 0, 6),
(894, 415, 0, 11432000, 55),
(895, 415, 7869000, 0, 57),
(896, 415, 0, 7869000, 25),
(897, 416, 5771300, 0, 23),
(898, 416, 0, 5771300, 32),
(899, 417, 5771300, 0, 24),
(900, 417, 0, 5771300, 23),
(901, 418, 5771300, 0, 25),
(902, 418, 0, 5771300, 24),
(903, 419, 9742000, 0, 6),
(904, 419, 0, 9742000, 55),
(905, 419, 5771300, 0, 57),
(906, 419, 0, 5771300, 25),
(907, 420, 5771300, 0, 32),
(908, 420, 0, 5771300, 6),
(909, 421, 8732400, 0, 23),
(910, 421, 0, 8732400, 6),
(911, 422, 8732400, 0, 24),
(912, 422, 0, 8732400, 23),
(913, 423, 8732400, 0, 25),
(914, 423, 0, 8732400, 24),
(915, 424, 13135000, 0, 6),
(916, 424, 0, 13135000, 55),
(917, 424, 8732400, 0, 57),
(918, 424, 0, 8732400, 25),
(919, 425, 16443200, 0, 23),
(920, 425, 0, 16443200, 32),
(921, 426, 16443200, 0, 24),
(922, 426, 0, 16443200, 23),
(923, 427, 16443200, 0, 25),
(924, 427, 0, 16443200, 24),
(925, 428, 23165000, 0, 6),
(926, 428, 0, 23165000, 55),
(927, 428, 16443200, 0, 57),
(928, 428, 0, 16443200, 25),
(929, 429, 6443200, 0, 32),
(930, 429, 0, 6443200, 6),
(931, 430, 10000000, 0, 32),
(932, 430, 0, 10000000, 6),
(933, 431, 7133800, 0, 23),
(934, 431, 0, 7133800, 6),
(935, 432, 7133800, 0, 24),
(936, 432, 0, 7133800, 23),
(937, 433, 7133800, 0, 25),
(938, 433, 0, 7133800, 24),
(939, 434, 12700000, 0, 6),
(940, 434, 0, 12700000, 55),
(941, 434, 7133800, 0, 57),
(942, 434, 0, 7133800, 25),
(943, 435, 12276000, 0, 23),
(944, 435, 0, 12276000, 32),
(945, 436, 12276000, 0, 24),
(946, 436, 0, 12276000, 23),
(949, 438, 17963000, 0, 6),
(950, 438, 0, 17963000, 55),
(951, 438, 12276000, 0, 57),
(952, 438, 0, 12276000, 25),
(953, 439, 12276000, 0, 25),
(954, 439, 0, 12276000, 24),
(955, 440, 12276000, 0, 32),
(956, 440, 0, 12276000, 6),
(957, 441, 7800000, 0, 23),
(958, 441, 0, 7800000, 6),
(959, 442, 7800000, 0, 24),
(960, 442, 0, 7800000, 23),
(961, 443, 7800000, 0, 25),
(962, 443, 0, 7800000, 24),
(963, 444, 11416000, 0, 6),
(964, 444, 0, 11416000, 55),
(965, 444, 7800000, 0, 57),
(966, 444, 0, 7800000, 25),
(967, 445, 9614000, 0, 23),
(968, 445, 0, 9614000, 32),
(969, 446, 9614000, 0, 24),
(970, 446, 0, 9614000, 23),
(971, 447, 9614000, 0, 25),
(972, 447, 0, 9614000, 24),
(973, 448, 7800000, 0, 32),
(974, 448, 0, 7800000, 6),
(975, 449, 6730000, 0, 23),
(976, 449, 0, 6730000, 6),
(977, 450, 6730000, 0, 24),
(978, 450, 0, 6730000, 23),
(979, 451, 6730000, 0, 25),
(980, 451, 0, 6730000, 24),
(981, 452, 11345000, 0, 6),
(982, 452, 0, 11345000, 55),
(983, 452, 6730000, 0, 57),
(984, 452, 0, 6730000, 25),
(985, 453, 8312000, 0, 23),
(986, 453, 0, 8312000, 6),
(987, 454, 8312000, 0, 24),
(988, 454, 0, 8312000, 23),
(989, 455, 8312000, 0, 25),
(990, 455, 0, 8312000, 24),
(991, 456, 14700000, 0, 6),
(992, 456, 0, 14700000, 55),
(993, 456, 8312000, 0, 57),
(994, 456, 0, 8312000, 25),
(995, 457, 14736000, 0, 23),
(996, 457, 0, 14736000, 32),
(997, 458, 14736000, 0, 24),
(998, 458, 0, 14736000, 23),
(999, 459, 14736000, 0, 25),
(1000, 459, 0, 14736000, 24),
(1001, 460, 19300000, 0, 6),
(1002, 460, 0, 19300000, 55),
(1003, 460, 14736000, 0, 57),
(1004, 460, 0, 14736000, 25),
(1005, 461, 14736000, 0, 32),
(1006, 461, 0, 14736000, 6),
(1007, 462, 9773400, 0, 23),
(1008, 462, 0, 9773400, 6),
(1009, 463, 9773400, 0, 24),
(1010, 463, 0, 9773400, 23),
(1011, 464, 9773400, 0, 25),
(1012, 464, 0, 9773400, 24),
(1013, 465, 14200000, 0, 6),
(1014, 465, 0, 14200000, 55),
(1015, 465, 9773400, 0, 57),
(1016, 465, 0, 9773400, 25),
(1017, 466, 14325000, 0, 23),
(1018, 466, 0, 14325000, 32),
(1019, 467, 14325000, 0, 24),
(1020, 467, 0, 14325000, 23),
(1021, 468, 14325000, 0, 25),
(1022, 468, 0, 14325000, 24),
(1023, 469, 18768000, 0, 6),
(1024, 469, 0, 18768000, 55),
(1025, 469, 14325000, 0, 57),
(1026, 469, 0, 14325000, 25),
(1027, 470, 543211, 0, 70),
(1028, 470, 0, 543211, 6),
(1029, 471, 15000000, 0, 60),
(1030, 471, 0, 15000000, 7),
(1031, 472, 452544, 0, 59),
(1032, 472, 0, 452544, 6),
(1033, 473, 415244, 0, 59),
(1034, 473, 0, 415244, 6),
(1035, 474, 541111, 0, 59),
(1036, 474, 0, 541111, 6),
(1037, 475, 547444, 0, 59),
(1038, 475, 0, 547444, 6),
(1039, 476, 485222, 0, 59),
(1040, 476, 0, 485222, 6),
(1041, 477, 425444, 0, 59),
(1042, 477, 0, 425444, 6),
(1043, 478, 398777, 0, 59),
(1044, 478, 0, 398777, 6),
(1045, 479, 654351, 0, 59),
(1046, 479, 0, 654351, 6),
(1047, 480, 541544, 0, 59),
(1048, 480, 0, 541544, 6),
(1051, 482, 542222, 0, 59),
(1052, 482, 0, 542222, 6),
(1053, 483, 485244, 0, 59),
(1054, 483, 0, 485244, 6),
(1055, 484, 484444, 0, 59),
(1056, 484, 0, 484444, 6),
(1057, 485, 13500000, 0, 65),
(1058, 485, 0, 13500000, 7),
(1059, 486, 8545000, 0, 6),
(1060, 486, 0, 8545000, 55),
(1061, 486, 3502800, 0, 57),
(1062, 486, 0, 3502800, 25),
(1063, 487, 7200000, 0, 6),
(1064, 487, 0, 7200000, 55),
(1065, 487, 3407000, 0, 57),
(1066, 487, 0, 3407000, 25),
(1067, 488, 9800000, 0, 6),
(1068, 488, 0, 9800000, 55),
(1069, 488, 3742500, 0, 57),
(1070, 488, 0, 3742500, 25),
(1071, 489, 10500000, 0, 6),
(1072, 489, 0, 10500000, 55),
(1073, 489, 4680000, 0, 57),
(1074, 489, 0, 4680000, 25),
(1075, 490, 850000, 0, 61),
(1076, 490, 0, 850000, 7),
(1077, 491, 0, 1250000, 7),
(1078, 491, 1250000, 0, 73);

-- --------------------------------------------------------

--
-- Table structure for table `isi_produksi`
--

CREATE TABLE `isi_produksi` (
  `id_isi_produksi` int(255) NOT NULL,
  `id_bahanbaku` int(255) NOT NULL,
  `qty` int(255) NOT NULL,
  `id_produksi` int(255) NOT NULL
) ENGINE=InnoDB DEFAULT CHARSET=latin1;

-- --------------------------------------------------------

--
-- Table structure for table `isi_relasi_akun`
--

CREATE TABLE `isi_relasi_akun` (
  `id_relasi_akun` int(255) NOT NULL,
  `id_relasi` int(255) NOT NULL,
  `id_akun` int(255) NOT NULL,
  `posisi` text NOT NULL
) ENGINE=InnoDB DEFAULT CHARSET=latin1;

--
-- Dumping data for table `isi_relasi_akun`
--

INSERT INTO `isi_relasi_akun` (`id_relasi_akun`, `id_relasi`, `id_akun`, `posisi`) VALUES
(52, 8, 47, 'debit'),
(53, 8, 49, 'debit'),
(54, 8, 6, 'credit'),
(55, 9, 6, 'debit'),
(56, 9, 55, 'credit'),
(57, 10, 23, 'debit'),
(58, 10, 6, 'credit'),
(59, 11, 24, 'debit'),
(60, 11, 23, 'credit'),
(61, 12, 25, 'debit'),
(62, 12, 24, 'credit'),
(63, 9, 57, 'debit'),
(64, 9, 25, 'credit'),
(65, 13, 64, 'debit'),
(66, 13, 6, 'credit'),
(67, 14, 58, 'debit'),
(68, 14, 6, 'credit'),
(69, 15, 32, 'debit'),
(70, 15, 6, 'credit'),
(71, 16, 6, 'debit'),
(72, 16, 9, 'credit'),
(73, 17, 6, 'debit'),
(74, 17, 7, 'credit'),
(75, 18, 67, 'debit'),
(76, 18, 7, 'credit'),
(77, 19, 71, 'debit'),
(78, 19, 6, 'credit'),
(79, 21, 70, 'debit'),
(80, 21, 6, 'credit'),
(81, 22, 69, 'debit'),
(82, 22, 6, 'credit'),
(83, 20, 68, 'debit'),
(84, 20, 6, 'credit'),
(85, 23, 74, 'debit'),
(86, 23, 6, 'credit'),
(87, 24, 66, 'debit'),
(88, 24, 6, 'credit'),
(89, 25, 78, 'debit'),
(90, 25, 29, 'credit'),
(91, 25, 31, 'credit'),
(92, 26, 23, 'debit'),
(93, 26, 32, 'credit'),
(94, 27, 9, 'debit'),
(95, 27, 55, 'credit'),
(96, 28, 60, 'debit'),
(99, 28, 7, 'credit'),
(100, 29, 59, 'debit'),
(101, 29, 6, 'credit'),
(103, 30, 65, 'debit'),
(104, 30, 7, 'credit'),
(105, 31, 61, 'debit'),
(106, 31, 7, 'credit'),
(107, 32, 7, 'credit'),
(108, 32, 73, 'debit'),
(109, 33, 75, 'debit'),
(110, 33, 6, 'credit');

-- --------------------------------------------------------

--
-- Table structure for table `jurnal`
--

CREATE TABLE `jurnal` (
  `id_jurnal` int(255) NOT NULL,
  `tgl` date NOT NULL,
  `ket` text NOT NULL,
  `jenis_jurnal` text NOT NULL
) ENGINE=InnoDB DEFAULT CHARSET=latin1;

--
-- Dumping data for table `jurnal`
--

INSERT INTO `jurnal` (`id_jurnal`, `tgl`, `ket`, `jenis_jurnal`) VALUES
(1, '2012-01-31', 'Gaji Karyawan jan 12', 'KL'),
(2, '2012-01-30', ' tarik untuk pembayaran gaji', 'KM'),
(4, '2012-02-29', ' Bayar gaji karyawan feb 12', 'KL'),
(5, '2012-03-30', '  Bayar gaji karyawan mar 12', 'KL'),
(6, '2012-02-24', ' penarikan bayar gaji ', 'KM'),
(7, '2012-03-28', ' penarikan utk gaji', 'KM'),
(8, '2012-04-28', 'u/ gaji apr 12', 'KL'),
(9, '2012-05-31', ' u/ gaji may 12', 'KL'),
(10, '2012-06-30', ' u/ gaji juni 12', 'KL'),
(11, '2012-07-31', ' u/ gaji jul 12', 'KL'),
(12, '2012-08-31', ' u/ gaji ags 12', 'KL'),
(13, '2012-09-29', ' u/ gaji sep 12', 'KL'),
(14, '2012-10-31', ' u/ gaji oct 12', 'KL'),
(15, '2012-11-30', ' u/ gaji nov 12', 'KL'),
(16, '2012-12-29', ' u/ gaji des 12', 'KL'),
(17, '2012-01-31', ' u/ gaji pabrik', 'KL'),
(18, '2012-02-29', ' u/ gaji pabrik feb 12', 'KL'),
(19, '2012-03-31', ' u/ gaji pabrik mar 12', 'KL'),
(20, '2012-04-30', ' u/ gaji pabrik apr 12', 'KL'),
(21, '2012-05-31', ' u/ gaji pabrik may 12', 'KL'),
(22, '2012-06-30', ' u/ gaji pabrik juni 12', 'KL'),
(23, '2012-07-31', ' u/ gaji juli 12', 'KL'),
(24, '2012-08-31', ' u/ gaji pabrik ags 12', 'KL'),
(25, '2012-10-01', ' u/ gaji sep 12', 'KL'),
(26, '2012-10-31', ' u/ gaji pabrik okt 12', 'KL'),
(27, '2012-11-30', ' u/ gaji pabrik nov 12', 'KL'),
(28, '2012-12-29', ' u/ gaji pabrik des 12', 'KL'),
(30, '2012-01-01', ' Biaya Kliring Jan 12', 'JU'),
(31, '2012-02-01', ' Biaya Kliring Feb 12', 'JU'),
(32, '2012-03-01', ' Biaya Kliring Mar 12', 'JU'),
(33, '2012-04-01', ' Biaya Kliring Apr 12', 'JU'),
(34, '2012-05-01', ' Biaya Kliring Mei 12', 'JU'),
(35, '2012-06-01', ' Biaya Kliring Jun 12', 'JU'),
(36, '2012-07-01', ' Biaya Kliring Jul 12', 'JU'),
(37, '2012-08-01', ' Biaya Klirin Agt 12', 'JU'),
(38, '2012-09-01', ' Biaya Kliring Sept 12', 'JU'),
(39, '2012-10-01', ' Biaya Kliring Okt 12', 'JU'),
(40, '2012-11-01', ' Biaya Kliring Nov 12', 'JU'),
(41, '2012-12-01', ' Biaya Kliring Des 12', 'JU'),
(42, '2012-01-02', ' Bayar Tol 2 Jan 12', 'KL'),
(43, '2012-01-05', ' Bayar Tol 5 Jan 12', 'KL'),
(44, '2012-01-05', ' Bayar Parkir 5 Jan 12', 'KL'),
(45, '2012-01-06', ' Bayar Tol & Parkir 6 Jan 12', 'JU'),
(46, '2012-01-09', ' Bayar Bensin 9 Jan 12', 'KL'),
(47, '2012-01-09', ' Bayar Tol 9 Jan 12', 'KL'),
(48, '2012-01-12', ' Bayar Tol dan Parkir 12 Jan 12', 'KL'),
(49, '2012-01-17', ' Bayar Bensin 17 Jan 12', 'JU'),
(50, '2012-01-19', ' Bayar Tol dan Parkir', 'JU'),
(51, '2012-01-20', ' Bayar Tol dan Parkir 20 Jan 2012', 'KL'),
(52, '2012-01-24', ' Bayar Tol dan Parkir', 'KL'),
(53, '2012-01-26', ' Bayar Bensin 26 Jan 12', 'JU'),
(54, '2012-02-03', ' Bayar Tol', 'KL'),
(55, '2012-02-06', ' Bayar Tol dan Parkir', 'JU'),
(56, '2012-02-07', ' Bayar Tol dan Parkir', 'KL'),
(57, '2012-02-09', ' Bayar Bensin', 'KL'),
(58, '2012-02-13', ' Bayar Tol', 'KL'),
(59, '2012-02-15', ' Bayar Tol', 'KL'),
(60, '2012-02-17', ' Bayar Bensin', 'KL'),
(61, '2012-01-19', ' Bayar  Tol dan Parkir', 'KL'),
(63, '2012-01-23', ' Bayar Parkir', 'KL'),
(64, '2012-02-20', ' Bayar Parkir', 'KL'),
(65, '2012-02-22', ' Bayar Tol', 'KL'),
(66, '2012-02-24', ' Bayar Bensin', 'KL'),
(67, '2012-02-28', ' BayarTol', 'KL'),
(68, '2012-03-05', ' Biaya Parkir', 'KL'),
(69, '2012-03-06', ' Bayar Parkir dan Tol', 'KL'),
(70, '2012-03-08', ' Bayar Bensin', 'KL'),
(71, '2012-03-12', ' Bayar Tol', 'KL'),
(72, '2012-03-14', ' Bayar Tol', 'KL'),
(73, '2012-03-15', ' Bayar Tol dan Bensin', 'KL'),
(74, '2012-03-15', ' Bayar Parkir', 'KL'),
(75, '2012-03-16', ' Bayar Tol', 'KL'),
(76, '2012-03-20', ' Bayar Tol', 'KL'),
(77, '2012-03-22', ' Bayar Tol dan Parkir', 'KL'),
(78, '2012-01-26', ' Bayar Bensin', 'KL'),
(79, '2012-03-26', ' Bayar Tol dan Parkir', 'KL'),
(80, '2012-03-28', ' Bayar Tol', 'KL'),
(81, '2012-03-29', ' Bayar Parkir', 'KL'),
(82, '2012-03-30', ' Bayar Tol', 'KL'),
(83, '2012-04-02', ' Bayar Bensin dan Tol', 'KL'),
(84, '2012-04-03', ' Bayar Tol', 'KL'),
(85, '2012-04-09', ' Bayar Tol', 'KL'),
(86, '2012-04-10', ' Bayar Tol dan Parkir', 'KL'),
(88, '2012-04-12', ' Bayar Bensin', 'KL'),
(89, '2012-04-13', ' Bayar Parkir', 'KL'),
(90, '2012-04-17', ' Bayar Tol', 'KL'),
(91, '2012-04-18', ' Bayar Tol dan Parkir', 'KL'),
(92, '2012-04-20', ' Bayar Tol', 'KL'),
(93, '2012-04-24', ' Bayar Bensin', 'KL'),
(94, '2012-04-25', ' Bayar Tol dan Parkir', 'KL'),
(95, '2012-04-26', ' Bayar Tol', 'KL'),
(96, '2012-04-27', ' Bayar Tol dan Parkir', 'KL'),
(97, '2012-05-02', ' Bayar Tol', 'KL'),
(98, '2012-05-04', ' Bayar Tol dan Parkir', 'KL'),
(99, '2012-05-07', ' Bayar Bensin dan Tol', 'KL'),
(100, '2012-05-09', ' Bayar Tol', 'KL'),
(101, '2012-05-10', ' Bayar Parkir', 'KL'),
(102, '2012-05-11', ' Bayar Tol', 'KL'),
(103, '2012-05-15', ' Bayar Bensin dan Parkir', 'KL'),
(105, '2012-05-18', ' Bayar Tol', 'KL'),
(106, '2012-05-15', ' Bayar Tol dan Parkir', 'KL'),
(107, '2012-05-16', ' Bayar Bensin', 'KL'),
(108, '2012-05-22', ' Bayar Tol', 'KL'),
(109, '2012-05-24', ' Bayar Bensin', 'KL'),
(110, '2012-05-29', ' Bayar Tol', 'KL'),
(111, '2012-06-01', ' Bayar Tol dan Parkir', 'KL'),
(112, '2012-06-04', ' Bayar Tol dan Parkir', 'KL'),
(113, '2012-06-06', ' Bayar Tol', 'KL'),
(114, '2012-06-07', ' Bayar Bensin', 'KL'),
(115, '2012-06-08', ' Bayar Tol', 'KL'),
(116, '2012-06-11', ' Bayar Tol dan Parkir', 'KL'),
(117, '2012-06-14', ' Bayar Tol', 'KL'),
(118, '2012-06-15', ' Bayar Bensin', 'KL'),
(119, '2012-06-18', ' Bayar Tol', 'KL'),
(121, '2012-06-21', ' Bayar Tol dan Parkir', 'KL'),
(122, '2012-06-22', ' Bayar Bensin', 'KL'),
(123, '2012-06-25', ' Bayar Tol', 'KL'),
(124, '2012-06-26', ' Bayar Tol dan Parkir', 'KL'),
(125, '2012-06-28', ' Bayar Tol', 'KL'),
(126, '2012-06-29', ' Bayar Tol', 'KL'),
(127, '2012-07-02', ' Bayar Tol', 'KL'),
(128, '2012-07-04', ' Bayar Bensin', 'KL'),
(129, '2012-07-05', ' Bayar Tol dan Parkir', 'KL'),
(130, '2012-07-10', ' Bayar Tol', 'KL'),
(131, '2012-07-11', ' Bayar Tol dan Parkir', 'KL'),
(132, '2012-07-13', ' Bayar Bensin', 'KL'),
(133, '2012-07-16', ' Bayar Tol dan Parkir', 'KL'),
(134, '2012-07-17', ' Bayar Tol', 'KL'),
(135, '2012-07-18', ' Bayar Tol dan Parkir', 'KL'),
(136, '2012-07-19', ' Bayar Bensin', 'KL'),
(137, '2012-07-20', ' Bayar Tol', 'KL'),
(138, '2012-07-23', ' Bayar Tol dan Parkir', 'KL'),
(139, '2012-07-24', ' Bayar Tol', 'KL'),
(140, '2012-07-26', ' Bayar Bensin', 'KL'),
(141, '2012-08-01', ' Bayar Tol', 'KL'),
(142, '2012-08-03', ' Bayar Tol dan Parkir', 'KL'),
(143, '2012-08-06', ' Bayar Tol', 'KL'),
(144, '2012-08-08', ' Bayar Tol', 'KL'),
(145, '2012-08-09', ' Bayar Bensin dan Tol', 'KL'),
(146, '2012-08-13', ' Bayar Tol dan Parkir', 'KL'),
(147, '2012-08-14', ' Bayar Tol', 'KL'),
(148, '2012-08-16', ' Bayar Tol dan Parkir', 'KL'),
(149, '2012-08-17', ' Bayar Bensin', 'KL'),
(150, '2012-08-20', ' Bayar Tol', 'KL'),
(151, '2012-08-22', ' Bayar Tol dan Parkir', 'KL'),
(152, '2012-08-23', ' Bayar Tol', 'KL'),
(153, '2012-08-24', ' Bayar Tol', 'KL'),
(154, '2012-08-27', ' Bayar Tol', 'KL'),
(155, '2012-08-28', ' Bayar Bensin', 'KL'),
(156, '2012-09-03', ' Bayar Tol dan Parkir', 'KL'),
(157, '2012-09-04', ' Bayar Tol', 'KL'),
(158, '2012-09-07', ' Bayar Tol dan Parkir', 'KL'),
(159, '2012-09-10', ' Bayar Bensin', 'KL'),
(160, '2012-09-12', ' Bayar Tol dan Parkir', 'KL'),
(161, '2012-09-14', ' Bayar Tol', 'KL'),
(162, '2012-09-17', ' Bayar Tol dan Parkir', 'KL'),
(163, '2012-09-19', ' Bayar Bensin', 'KL'),
(164, '2012-09-21', ' Bayar Tol', 'KL'),
(165, '2012-09-25', ' Bayar Tol dan Parkir', 'KL'),
(166, '2012-09-26', ' Bayar Tol dan Parkir', 'KL'),
(167, '2012-09-28', ' Bayar Tol', 'KL'),
(168, '2012-10-01', ' Bayar Bensin', 'KL'),
(169, '2012-10-03', ' Bayar Tol', 'KL'),
(170, '2012-10-04', ' Bayar Tol dan Parkir', 'KL'),
(171, '2012-10-08', ' Bayar Tol', 'KL'),
(172, '2012-10-10', ' Bayar Tol dan Parkir', 'KL'),
(173, '2012-10-11', ' Bayar Tol', 'KL'),
(174, '2012-10-15', ' Bayar Bensin', 'KL'),
(175, '2012-10-16', ' Bayar Tol dan Parkir', 'KL'),
(176, '2012-10-18', ' Bayar Tol dan Parkir', 'KL'),
(177, '2012-10-19', ' Bayar Tol', 'KL'),
(178, '2012-10-22', ' Bayar Tol dan Parkir', 'KL'),
(179, '2012-10-24', ' Bayar Tol', 'KL'),
(180, '2012-10-25', ' Bayar Bensin', 'KL'),
(181, '2012-10-30', ' Bayar Tol dan Parkir', 'KL'),
(182, '2012-11-02', ' Bayar Tol', 'KL'),
(183, '2012-11-05', ' Bayar Tol dan Parkir', 'KL'),
(184, '2012-11-06', ' Bayar Bensin', 'KL'),
(185, '2012-11-08', ' Bayar Tol', 'KL'),
(186, '2012-11-12', ' Bayar Tol', 'KL'),
(187, '2012-11-13', ' Bayar Parkir', 'KL'),
(188, '2012-11-15', ' Bayar Tol', 'KL'),
(189, '2012-11-16', ' Bayar Tol dan Parkir', 'KL'),
(190, '2012-11-19', ' Bayar Bensin', 'KL'),
(191, '2012-11-21', ' Bayar Parkir', 'KL'),
(192, '2012-11-22', ' Bayar Tol dan Parkir', 'KL'),
(193, '2012-11-23', ' Bayar Parkir', 'KL'),
(194, '2012-11-26', ' Bayar Tol', 'KL'),
(195, '2012-11-28', ' Bayar Tol dan Parkir', 'KL'),
(196, '2012-11-29', ' Bayar Bensin', 'KL'),
(197, '2012-12-04', ' Bayar Tol', 'KL'),
(198, '2012-12-05', ' Bayar Tol dan Parkir', 'KL'),
(199, '2012-12-07', ' Bayar Parkir', 'KL'),
(200, '2012-12-11', ' Bayar Bensin', 'KL'),
(202, '2012-12-12', ' Bayar Parkir', 'KL'),
(203, '2012-12-13', ' Bayar Tol dan Parkir', 'KL'),
(204, '2012-12-19', ' Bayar Tol', 'KL'),
(205, '2012-12-20', ' Bayar Bensin', 'KL'),
(206, '2012-12-24', ' Bayar Tol', 'KL'),
(207, '2012-12-27', ' Bayar Tol', 'KL'),
(208, '2012-01-20', ' Biaya Listrik dan Air Jan 12', 'KL'),
(209, '2012-02-17', ' Biaya Listrik dan Air Feb 12', 'KL'),
(210, '2012-03-19', ' Biaya Listrik dan Air Mar 12', 'KL'),
(211, '2012-04-20', ' Biaya Listrik dan Air Apr 12', 'KL'),
(212, '2012-05-21', ' Biaya Air dan Listrik Mei 12', 'KL'),
(213, '2012-06-19', ' Biaya Air dan Listrik Jun 12', 'KL'),
(216, '2012-08-20', ' Biaya Air dan Listrik Ags 12', 'KL'),
(219, '2012-10-22', ' Biaya Listrik dan Air Okt 12', 'KL'),
(220, '2012-09-19', ' Biaya Listrik dan Air Sep 12', 'KL'),
(221, '2012-11-20', ' Biaya Listrik dan Air Nov 12', 'KL'),
(222, '2012-12-21', ' Biaya Air dan Listrik Des 12', 'KL'),
(231, '2012-08-13', '  Biaya Internet,Telp, dan Fax Ags 12', 'KL'),
(232, '2012-09-10', '  Biaya Internet,Telp, dan Fax Sep 12', 'KL'),
(233, '2012-05-14', '  Biaya Internet,Telp, dan Fax Mei 12', 'KL'),
(234, '2012-01-16', '  Biaya Internet,Telp, dan Fax Jan 12', 'KL'),
(235, '2012-02-14', '  Biaya Internet,Telp, dan Fax Feb 12', 'KL'),
(236, '2012-03-12', '  Biaya Internet,Telp, dan Fax Mar 12', 'KL'),
(237, '2012-04-16', '  Biaya Internet,Telp, dan Fax Apr 12', 'KL'),
(238, '2012-06-11', '  Biaya Internet,Telp, dan Fax Jun 12', 'KL'),
(239, '2012-07-16', '  Biaya Internet,Telp, dan Fax Jul 12', 'KL'),
(240, '2012-10-15', '  Biaya Internet,Telp, dan Fax Okt 12', 'KL'),
(241, '2012-11-12', '  Biaya Internet,Telp, dan Fax Nov 12', 'KL'),
(242, '2012-12-17', '  Biaya Internet,Telp, dan Fax Des 12', 'KL'),
(243, '2012-01-03', ' Beli Air Galon', 'KL'),
(244, '2012-01-18', ' Beli Air Galon', 'KL'),
(245, '2012-02-08', ' Beli Air Galon', 'KL'),
(246, '2012-01-02', ' Biaya Keamanan dan Kebersihan', 'KL'),
(247, '2012-02-02', ' Biaya Keamanan dan Kebersihan Feb 12', 'KL'),
(248, '2012-03-05', '  Biaya Keamanan dan Kebersihan Mar 12', 'KL'),
(249, '2012-04-02', '  Biaya Keamanan dan Kebersihan Apr 12', 'KL'),
(250, '2012-05-04', '  Biaya Keamanan dan Kebersihan Mei 12', 'KL'),
(251, '2012-06-04', '  Biaya Keamanan dan Kebersihan Jun 12', 'KL'),
(252, '2012-07-03', '  Biaya Keamanan dan Kebersihan Jul 12', 'KL'),
(253, '2012-08-06', '  Biaya Keamanan dan Kebersihan Ags 12', 'KL'),
(254, '2012-09-03', '  Biaya Keamanan dan Kebersihan Sep 12', 'KL'),
(255, '2012-10-02', '  Biaya Keamanan dan Kebersihan Okt 12', 'KL'),
(256, '2012-11-05', '  Biaya Keamanan dan Kebersihan Nov 12', 'KL'),
(257, '2012-12-03', '  Biaya Keamanan dan Kebersihan Des 12', 'KL'),
(258, '2012-01-17', ' Beli ATK (Pena, Isi Hekter, Spidol)', 'KL'),
(259, '2012-02-20', ' Beli Baterai (AA)', 'KL'),
(260, '2012-04-12', ' Beli Continious Form', 'KL'),
(261, '2012-07-01', ' Beli Pena Faster', 'KL'),
(262, '2012-09-01', ' Beli ATK', 'KL'),
(263, '2012-01-05', ' Beli Size Stripe di Cipta Lestari', 'PMB'),
(264, '2012-01-09', ' Produksi Size Stripe', 'JU'),
(265, '2012-01-11', ' Produk Size Stripe', 'JU'),
(267, '2012-01-06', ' Beli HT G & Mjokertag di Sumber Makmur', 'PMB'),
(268, '2012-01-10', ' Produksi HT G & Mjokertag', 'JU'),
(269, '2012-01-12', ' Finish HT G & Mjokertag', 'JU'),
(271, '2012-01-17', ' Bayar Utang HT G & Mjokertag ke Sumber Makmur', 'JU'),
(272, '2012-01-06', ' Beli Pita Nilon di  Sumber Makmur', 'PMB'),
(273, '2012-01-09', ' Produksi Pita Nilon', 'JU'),
(274, '2012-01-10', ' Finish Pita Nilon', 'JU'),
(277, '2012-01-23', ' Bayar Utang ke Sumber Makmur (Pita Nilon)', 'JU'),
(278, '2012-01-09', ' Beli HT Speculation di Dunia Pelangi', 'PMB'),
(279, '2012-01-11', ' Produksi HT Speculation', 'JU'),
(280, '2012-01-13', ' Finish HT Speculation', 'KL'),
(281, '2012-01-26', ' Penjualan HT Speculation', 'PJB'),
(282, '2012-01-11', ' Beli HT BCC Khaki di Cipta Lestari', 'PMB'),
(283, '2012-01-13', ' Produksi HT BCC Khaki', 'JU'),
(284, '2012-01-16', ' Finish HT BCC Khaki', 'JU'),
(285, '2012-01-18', ' Penjualan HT BCC Khaki', 'PJB'),
(286, '2012-01-26', ' Bayar Utang HT BCC Khaki ke Cipta Lestari', 'JU'),
(287, '2012-01-16', ' Beli Hang Tag GMX di Sinar Rezeki', 'PMB'),
(288, '2012-01-17', ' Produksi Hang Tag GMX', 'JU'),
(289, '2012-01-19', ' Finish Hang Tag GMX', 'JU'),
(291, '2012-01-30', ' Pembayaran Utang Hang Tag GMX ke Sinar Rezeki', 'JU'),
(292, '2012-02-07', ' Beli Pita Nilon di Bintang Jaya', 'PMB'),
(293, '2012-02-08', ' Produksi Pita Nilon', 'JU'),
(294, '2012-02-10', ' Finish Pita Nilon', 'JU'),
(295, '2012-02-13', ' Penjualan Pita Nilon', 'PJB'),
(296, '2012-02-15', ' Bayar Utang ke Bintang Jaya', 'JU'),
(297, '2012-02-08', ' Beli Care Label NK366 di Henson Printing', 'PMB'),
(298, '2012-02-09', ' Produksi Care Label NK366', 'JU'),
(299, '2012-02-13', ' Finish Care Label NK366', 'JU'),
(300, '2012-02-14', ' Jual Care Label NK366', 'PJB'),
(301, '2012-02-16', ' Bayar Utang ke Henson Printing', 'JU'),
(302, '2012-02-15', ' Beli Main HT JDN 253 di Sumber Makmur', 'PMB'),
(303, '2012-02-17', ' Produksi Main HT JDN 253', 'JU'),
(304, '2012-02-20', ' Finish Main HT JDN 253', 'JU'),
(305, '2012-02-21', ' Penjualan Main HT JDN 253', 'PJB'),
(306, '2012-03-01', ' Beli HangTag, Main HT, dll di Cipta Lestari', 'PMB'),
(307, '2012-03-05', ' Produksi HangTag, Main HT, dll', 'JU'),
(309, '2012-03-12', ' Penjualan HangTag, Main HT, dll', 'PJB'),
(310, '2012-03-09', ' Finish HangTag, Main HT, dll', 'JU'),
(311, '2012-03-12', ' Beli JDN 006', 'PMB'),
(312, '2012-03-13', ' Produksi JDN 006', 'JU'),
(313, '2012-03-16', ' Finish JDN 006', 'JU'),
(314, '2012-03-19', ' Penjualan JDN 006', 'PJB'),
(316, '2012-03-19', ' Beli JDN 250', 'PMB'),
(317, '2012-03-20', ' Produksi JDN 250', 'JU'),
(318, '2012-03-27', ' Finish JDN 250', 'JU'),
(319, '2012-03-28', ' Penjualan JDN 250', 'PJB'),
(320, '2012-03-26', ' Beli HT Ler Prix ke PT.Shinwon Ebenezer', 'PMB'),
(321, '2012-03-28', ' Produksi HT Ler Prix', 'JU'),
(322, '2012-04-02', ' Finish HT Ler Prix', 'JU'),
(323, '2012-04-03', ' Penjualan HT Ler Prix', 'PJB'),
(324, '2012-04-02', ' Beli Pita Nilon ke PT Kodasindo Tatasarana', 'PMB'),
(325, '2012-04-03', ' Produksi Pita Nilon', 'JU'),
(326, '2012-04-06', ' Finish Pita Nilon', 'JU'),
(327, '2012-04-10', ' Penjualan Pita Nilon', 'PJB'),
(328, '2012-04-03', ' Beli Care Label 1 Side', 'PMB'),
(329, '2012-04-03', ' Produksi Care Label 1 Side', 'JU'),
(330, '2012-04-06', ' Finish Care Label 1 Side', 'JU'),
(331, '2012-04-09', ' Penjualan Care Label 1 Side', 'PJB'),
(332, '2012-04-11', ' Beli HT Kenneth ke PT. Hanindo', 'PMB'),
(333, '2012-04-12', ' Produksi HT Kenneth', 'JU'),
(334, '2012-04-17', ' Finish HT Kenneth', 'JU'),
(335, '2012-04-18', ' Penjualan HT Kenneth', 'PJB'),
(336, '2012-04-16', ' Beli Twill Tape, Care Label, Sipper, dll di Sumber Makmur', 'PMB'),
(337, '2012-04-17', ' Produksi Twill Tape, Care Label, Sipper, dll', 'JU'),
(338, '2012-04-23', ' Finish Twill Tape, Care Label, Sipper, dll', 'JU'),
(339, '2012-04-24', ' Penjualan Twill Tape, Care Label, Sipper, dll', 'PJB'),
(340, '2012-04-26', ' Pembayaran Utang Twill Tape, Care Label, Sipper, dll ke Sumber Makmur', 'JU'),
(341, '2012-04-17', ' Beli HT GMX Sport di PT. Asia Power', 'PMB'),
(342, '2012-04-18', ' Produksi HT GMX', 'JU'),
(343, '2012-04-20', ' Finish HT GMX', 'JU'),
(344, '2012-04-24', 'Penjualan HT GMX Kredit', 'PJB'),
(345, '2012-05-23', ' Penerimaan Piutang HT GMX 24 Apr 12', 'KM'),
(346, '2012-04-30', ' Pembayaran Utang HT GMX ke PT. Asia Power', 'JU'),
(347, '2012-04-24', ' Beli Inner Box Cole di Teguh Sukses', 'PMB'),
(348, '2012-04-26', ' Produksi Inner Box Cole', 'JU'),
(349, '2012-05-01', ' Finish Inner Box Cole', 'JU'),
(350, '2012-05-02', 'Penjualan Inner Box Cole', 'PJB'),
(351, '2012-06-04', ' Penerimaan Piutang Inner Box Cole', 'KM'),
(352, '2012-05-03', ' Beli HT Buggle Boy dari Cipta Lestari', 'PMB'),
(353, '2012-05-10', ' Produksi HT Buggle Boy', 'JU'),
(354, '2012-05-15', ' Finish HT Buggle Boy', 'JU'),
(355, '2012-05-17', 'Penjualan HT Buggle Boy', 'PJB'),
(356, '2012-05-08', ' Beli HT Harbor Bay', 'PMB'),
(357, '2012-05-10', ' Produksi HT Harbor Bay', 'JU'),
(358, '2012-05-15', ' Finish HT Harbor Bay', 'JU'),
(359, '2012-05-16', ' Penjualan HT Harbor Bay', 'PJB'),
(360, '2012-05-17', ' Bayar Utang HT Harbor Bay ke Jaya Abadi', 'JU'),
(361, '2012-05-15', ' Beli HT IM di Indah Perkasa', 'PMB'),
(362, '2012-05-16', ' Produksi HT IM', 'JU'),
(363, '2012-05-22', ' Finish HT IM', 'JU'),
(364, '2012-05-24', ' Penjualan HT IM', 'PJB'),
(365, '2012-05-25', ' Pembayaran Utang HT IM ke Indah Perkasa', 'JU'),
(366, '2012-05-28', ' Beli Pita Nilon di Jaya Abadi', 'PMB'),
(367, '2012-05-29', ' Produksi Pita Nilon', 'JU'),
(368, '2012-06-04', ' Finish Pita Nilon', 'JU'),
(369, '2012-06-05', ' Penjualan Pita Nilon', 'PJB'),
(370, '2012-06-04', ' Beli Care Label di Henson', 'PMB'),
(371, '2012-06-05', ' Produksi Care Label', 'JU'),
(372, '2012-06-12', ' Finish Care Label', 'JU'),
(373, '2012-06-13', ' Penjualan Care Label', 'PJB'),
(374, '2012-06-11', ' Beli HT Kenneth di  PT Hanindo', 'PMB'),
(375, '2012-06-12', ' Produksi HT Kenneth', 'JU'),
(376, '2012-06-19', ' Finish HT Kenneth', 'JU'),
(377, '2012-06-20', ' Penjualan HT Kenneth', 'PJB'),
(378, '2012-06-27', ' Bayar Utang HT Kenneth ke Hanindo', 'JU'),
(379, '2012-06-20', ' Beli Inner Box Cole di Teguh Sukses', 'PMB'),
(380, '2012-06-21', ' Produksi Inner Box Cole', 'JU'),
(381, '2012-06-26', ' Finish Good Inner Box Cole', 'JU'),
(382, '2012-06-28', ' Penjualan Inner Box Cole', 'PJB'),
(383, '2012-06-28', ' Beli HT Boomworth di Jaya Abadi', 'PMB'),
(384, '2012-07-02', ' Produksi HT Boomworth', 'JU'),
(385, '2012-07-05', ' Finish HT Boomworth', 'JU'),
(386, '2012-07-10', ' Penjualan HT Boomworth', 'PJB'),
(387, '2012-08-06', ' Pembayaran Utang HT Boomworth 1', 'JU'),
(388, '2012-09-03', ' Pembayaran Utang HT Boomworth (Lunas)', 'JU'),
(389, '2012-07-09', ' Beli Care Label NK 366 di Henson', 'PMB'),
(390, '2012-07-10', ' Produksi Care Label NK 366', 'JU'),
(391, '2012-07-12', ' Finish Care Label NK 366', 'JU'),
(392, '2012-07-13', 'Penjualan Care Label NK 366', 'PJB'),
(393, '2012-07-16', ' Beli Woven Lay di PT Bumi', 'PMB'),
(394, '2012-07-17', ' Produksi Woven Lay', 'JU'),
(395, '2012-07-20', ' Finish Woven Lay', 'JU'),
(396, '2012-07-24', ' Penjualan Woven Lay', 'PJB'),
(397, '2012-08-22', ' Bayar Utang Woven Lay di PT Bumi', 'JU'),
(398, '2012-07-24', ' Beli Draw Cord W di PT. Bumi', 'PMB'),
(399, '2012-07-25', ' Produksi Draw Cord W', 'JU'),
(400, '2012-07-30', ' Finished Draw Cord W', 'JU'),
(401, '2012-08-01', ' Penjualan Draw Cord W', 'PJB'),
(402, '2012-08-02', ' Beli C/L 1&2 Global di Henson', 'PMB'),
(403, '2012-08-03', ' Produksi C/L 1&2 Global', 'JU'),
(404, '2012-08-08', ' Finish C/L 1&2 Global', 'JU'),
(405, '2012-08-10', ' Penjualan C/L 1&2 Global', 'PJB'),
(406, '2012-09-19', ' Pembayaran Utang C/L 1&2 Global ke Henson', 'JU'),
(407, '2012-10-19', ' Pembayaran Utang C/L 1&2 Global ke Henson (Lunas)', 'JU'),
(408, '2012-08-06', ' Beli Heat Seal Mix&CO di Bintang Jaya', 'PMB'),
(409, '2012-08-07', ' Produksi Heat Seal MIX&CO', 'JU'),
(410, '2012-08-10', ' Finish Heat Seal MIX&CO', 'JU'),
(411, '2012-08-14', 'Penjualan Heat Seal', 'PJB'),
(412, '2012-08-08', ' Beli HT NK 263 di Indah Perkasa', 'PMB'),
(413, '2012-08-09', ' Produksi HT NK 263', 'JU'),
(414, '2012-08-14', 'Finish HT NK 263', 'JU'),
(415, '2012-08-15', ' Penjualan HT NK 263', 'PJB'),
(416, '2012-08-14', ' Beli Inner & Carton Box Cole di Cipta Lestari', 'PMB'),
(417, '2012-08-15', ' Produksi Inner & Carton Box Cole', 'JU'),
(418, '2012-08-20', ' Finish Inner & Carton Box Cole', 'JU'),
(419, '2012-08-21', ' Penjualan Inner & Carton Box Cole', 'PJB'),
(420, '2012-09-18', ' Bayar Utang Inner & Carton Box Col ke Cipta Lestari', 'JU'),
(421, '2012-08-20', ' Beli Size Stripe di Cipta Lestari', 'PMB'),
(422, '2012-08-21', ' Produksi Size Stripe', 'JU'),
(423, '2012-08-24', ' Finish Size Stripe', 'JU'),
(424, '2012-08-28', ' Penjualan Size Stripe', 'PJB'),
(425, '2012-08-28', ' Beli Branding Tape 3/8" di PT. Bumi', 'PMB'),
(426, '2012-08-29', ' Produksi Branding Tape 3/8"', 'JU'),
(427, '2012-09-04', ' Finish Branding Tape 3/6"', 'JU'),
(428, '2012-09-05', ' Penjualan Branding Tape 3/8"', 'PJB'),
(429, '2012-09-19', ' Pembayaran Utang Branding Tape 3/8" ke PT. Bumi', 'JU'),
(430, '2012-11-20', ' Pembayaran Utang Branding Tape 3/8" ke PT. Bumi (Lunas)', 'JU'),
(431, '2012-09-03', ' Beli C/L Global di Henson', 'PMB'),
(432, '2012-09-04', ' Produksi C/L Global', 'JU'),
(433, '2012-09-11', ' Finish C/L Global', 'JU'),
(434, '2012-09-12', ' Penjualan C/L Global', 'PJB'),
(435, '2012-09-14', ' Beli Velcro di Indah Perkasa', 'PMB'),
(436, '2012-09-17', ' Produksi Velcro', 'JU'),
(438, '2012-09-21', ' Penjualan Velcro', 'PJB'),
(439, '2012-09-20', ' Finish Velcro', 'JU'),
(440, '2012-11-01', ' Pembayaran Utang Velcro ke Indah Perkasa', 'JU'),
(441, '2012-10-09', ' Beli Size Stripe di Cipta Lestari', 'PMB'),
(442, '2012-10-10', ' Produksi Size Stripe', 'JU'),
(443, '2012-10-16', ' Finish Size Stripe', 'JU'),
(444, '2012-10-17', ' Penjualan Size Stripe', 'PJB'),
(445, '2012-10-15', ' Beli Hang Tag Kinetic di Indah Perkasa', 'PMB'),
(446, '2012-10-16', ' Produksi Hang Tag', 'JU'),
(447, '2012-10-19', ' Finish Hang Tag', 'JU'),
(448, '2012-11-13', ' Pembayaran Utang ke Cipta Lestari', 'JU'),
(449, '2012-10-15', ' Beli Lakban Haddad 2" di Henson', 'PMB'),
(450, '2012-10-16', ' Produksi Lakban Haddad 2"', 'JU'),
(451, '2012-10-18', ' Finish Lakban Haddad 2"', 'JU'),
(452, '2012-10-19', ' Penjualan Lakban Haddad 2"', 'PJB'),
(453, '2012-11-05', ' Beli Inner Box Cole di PT Bumi', 'PMB'),
(454, '2012-11-07', ' Produksi Inner Box Cole', 'JU'),
(455, '2012-11-13', ' Finish Inner Box Cole', 'JU'),
(456, '2012-11-14', ' Penjualan Inner Box Cole', 'PJB'),
(457, '2012-11-19', ' Beli HT JDN 253 di Jaya Abadi', 'PMB'),
(458, '2012-11-20', ' Produksi HT JDN', 'JU'),
(459, '2012-11-26', ' Finish HT JDN', 'JU'),
(460, '2012-11-28', ' Penjualan HT JDN', 'PJB'),
(461, '2012-12-18', ' Bayar Utang HT JDN ke Jaya Abadi', 'JU'),
(462, '2012-12-03', ' Beli Shoulder Tape HT 01 di Jaya Abadi', 'PMB'),
(463, '2012-12-04', ' Produksi Shoulder Tape HT 01', 'JU'),
(464, '2012-12-06', ' Finish Shoulder Tape HT 01', 'JU'),
(465, '2012-12-07', ' Penjualan Shoulder Tape HT 01', 'PJB'),
(466, '2012-12-17', ' Beli Master Box Cole di Dunia Pelangi', 'PMB'),
(467, '2012-12-18', ' Produksi Master Box Cole', 'JU'),
(468, '2012-12-19', ' Finish Master Box Cole', 'JU'),
(469, '2012-12-24', ' Penjualan Master Box Cole', 'PJB'),
(470, '2012-07-24', ' Biaya Listrik Juli u/ 12', 'KL'),
(471, '2012-12-30', ' Perpanjangan Sewa u/ 2013', 'KL'),
(472, '2012-01-30', ' listrik produksi u/ jan 12', 'KL'),
(473, '2012-02-28', ' listrik pabrik u/ feb 12', 'KL'),
(474, '2012-03-30', ' listrik pabrik u/ mar 12', 'KL'),
(475, '2012-04-30', ' listrik pabrik u/ april ', 'KL'),
(476, '2012-05-28', ' listrik pabrik u/ mei 12', 'KL'),
(477, '2012-06-27', ' listrik pabrik u/ june 12', 'KL'),
(478, '2012-07-27', ' listrik pabrik u/ juli 12', 'KL'),
(479, '2012-08-28', ' listrik pabrik u/ agustus', 'KL'),
(480, '2012-09-28', 'listrik pabrik u/ sep 12', 'KL'),
(482, '2012-10-29', ' listrik u/ okt 12', 'KL'),
(483, '2012-11-29', ' pembayaran listrik u/ nov 12', 'KL'),
(484, '2012-12-28', 'listrik pabrik  u/ des 12', 'KL'),
(485, '2012-06-07', ' Thr Staff 2012', 'KL'),
(486, '2012-01-27', ' Penjualan Hang Tag GMX', 'PJB'),
(487, '2012-01-13', ' Penjualan Pita Nilon', 'PJB'),
(488, '2012-01-13', ' Penjualan Size Stripe', 'PJB'),
(489, '2012-01-16', ' Penjualan HT G & Mjokertag', 'PJB'),
(490, '2012-07-29', ' service mesin jul 12', 'KL'),
(491, '2012-12-25', ' service kendaraan selama setahun ', 'KL');

-- --------------------------------------------------------

--
-- Table structure for table `pembelian`
--

CREATE TABLE `pembelian` (
  `id_pembelian` int(255) NOT NULL,
  `ket` varchar(255) NOT NULL,
  `harga_beli` int(255) NOT NULL,
  `id_pesanan` int(255) NOT NULL,
  `status_pembelian` text NOT NULL
) ENGINE=InnoDB DEFAULT CHARSET=latin1;

-- --------------------------------------------------------

--
-- Table structure for table `pengiriman`
--

CREATE TABLE `pengiriman` (
  `id_pengiriman` int(255) NOT NULL,
  `id_pesanan` int(255) NOT NULL,
  `status_pengiriman` varchar(255) NOT NULL,
  `id_cust` int(255) NOT NULL,
  `tgl_pengiriman` text NOT NULL
) ENGINE=InnoDB DEFAULT CHARSET=latin1;

-- --------------------------------------------------------

--
-- Table structure for table `periode`
--

CREATE TABLE `periode` (
  `id_periode` int(255) NOT NULL,
  `tahun` year(4) NOT NULL
) ENGINE=InnoDB DEFAULT CHARSET=latin1;

--
-- Dumping data for table `periode`
--

INSERT INTO `periode` (`id_periode`, `tahun`) VALUES
(1, 2012);

-- --------------------------------------------------------

--
-- Table structure for table `persediaan`
--

CREATE TABLE `persediaan` (
  `id_persediaan` int(255) NOT NULL,
  `nama_produk` varchar(255) NOT NULL,
  `hpp` int(255) NOT NULL,
  `id_akun` int(255) NOT NULL
) ENGINE=InnoDB DEFAULT CHARSET=latin1;

-- --------------------------------------------------------

--
-- Table structure for table `pesanan`
--

CREATE TABLE `pesanan` (
  `id_pesanan` int(255) NOT NULL,
  `ket` varchar(255) NOT NULL,
  `harga_jual` int(255) NOT NULL,
  `qty` int(255) NOT NULL,
  `status_pesanan` varchar(255) NOT NULL,
  `tgl` date NOT NULL
) ENGINE=InnoDB DEFAULT CHARSET=latin1;

-- --------------------------------------------------------

--
-- Table structure for table `produksi`
--

CREATE TABLE `produksi` (
  `id_produksi` int(255) NOT NULL,
  `id_pesanan` int(255) NOT NULL,
  `status_produksi` varchar(255) NOT NULL,
  `tgl_produksi` date NOT NULL
) ENGINE=InnoDB DEFAULT CHARSET=latin1;

-- --------------------------------------------------------

--
-- Table structure for table `relasi_akun`
--

CREATE TABLE `relasi_akun` (
  `id_relasi` int(255) NOT NULL,
  `nama_relasi` text NOT NULL
) ENGINE=InnoDB DEFAULT CHARSET=latin1;

--
-- Dumping data for table `relasi_akun`
--

INSERT INTO `relasi_akun` (`id_relasi`, `nama_relasi`) VALUES
(8, 'Bayar PPH 21 PPH 25'),
(9, 'Penjualan'),
(10, 'Beli Bahan Baku'),
(11, 'Produksi'),
(12, 'Finish Good'),
(13, 'Pembayaran Gaji Kantor'),
(14, 'Pembayaran Gaji Pabrik'),
(15, 'Pembayaran Utang'),
(16, 'Penerimaan Piutang'),
(17, 'Penarikan dari Bank BCA'),
(18, 'Biaya Kliring'),
(19, 'Bayar Parkir, Tol & Bensin'),
(20, 'Biaya Tlp, Fax, & Internet'),
(21, 'Biaya Listrik & Air'),
(22, 'Biaya Dapur dan Konsumsi'),
(23, 'Biaya Keamanan dan Kebersihan'),
(24, 'Biaya Adm Kantor'),
(25, 'Biaya Penyusutan Invt Kantor dan Kendaraan'),
(26, 'Pembelian Kredit'),
(27, 'Penjualan Kredit'),
(28, 'Pembayaran Sewa Bangunan'),
(29, 'Pembayaran Listrik Pabrik'),
(30, 'Pembayaran THR Staff'),
(31, 'Pemeliharaan Pabrik'),
(32, 'Service kendaraan'),
(33, 'Pemeliharaan Kantor');

-- --------------------------------------------------------

--
-- Table structure for table `req_pembelian`
--

CREATE TABLE `req_pembelian` (
  `id_req_pembelian` int(255) NOT NULL,
  `nama_barang` varchar(255) NOT NULL,
  `qty_barang` int(255) NOT NULL,
  `tanggal_req` date NOT NULL,
  `status` varchar(255) NOT NULL
) ENGINE=InnoDB DEFAULT CHARSET=latin1;

--
-- Dumping data for table `req_pembelian`
--

INSERT INTO `req_pembelian` (`id_req_pembelian`, `nama_barang`, `qty_barang`, `tanggal_req`, `status`) VALUES
(1, 'Label', 1, '2012-01-11', 'Pending'),
(2, 'Kertas', 50, '2012-01-11', 'Done'),
(3, 'Kertas', 50, '2012-01-28', 'Pending');

-- --------------------------------------------------------

--
-- Table structure for table `saldo`
--

CREATE TABLE `saldo` (
  `id_saldo` int(255) NOT NULL,
  `id_akun` int(255) NOT NULL,
  `saldo` int(255) NOT NULL
) ENGINE=InnoDB DEFAULT CHARSET=latin1;

--
-- Dumping data for table `saldo`
--

INSERT INTO `saldo` (`id_saldo`, `id_akun`, `saldo`) VALUES
(6, 6, 5672450),
(7, 7, 95724158),
(8, 8, 0),
(9, 9, 886182676),
(21, 21, 0),
(22, 22, 0),
(23, 23, 0),
(24, 24, 0),
(25, 25, 0),
(26, 26, 30000000),
(27, 27, 13015000),
(28, 28, 223400250),
(29, 29, -11494448),
(30, 30, -5494447),
(31, 31, -67485492),
(32, 32, 611287943),
(46, 46, 0),
(47, 47, 152750),
(48, 48, 0),
(49, 49, 1073175),
(50, 50, 10343364),
(51, 51, 0),
(52, 52, 0),
(53, 53, 0),
(54, 54, 546662915),
(55, 55, 0),
(57, 57, 0),
(58, 58, 0),
(59, 59, 0),
(60, 60, 0),
(61, 61, 0),
(62, 62, 0),
(64, 64, 0),
(65, 65, 0),
(66, 66, 0),
(67, 67, 0),
(68, 68, 0),
(69, 69, 0),
(70, 70, 0),
(71, 71, 0),
(72, 72, 0),
(73, 73, 0),
(74, 74, 0),
(75, 75, 0),
(76, 76, 0),
(77, 77, 0),
(78, 78, 0),
(79, 79, 0),
(80, 80, 0),
(81, 81, 0),
(82, 82, 0);

-- --------------------------------------------------------

--
-- Table structure for table `supplier`
--

CREATE TABLE `supplier` (
  `id_sup` int(255) NOT NULL,
  `id_akun` int(255) NOT NULL,
  `nama_supplier` text NOT NULL,
  `saldo` int(255) NOT NULL
) ENGINE=InnoDB DEFAULT CHARSET=latin1;

--
-- Dumping data for table `supplier`
--

INSERT INTO `supplier` (`id_sup`, `id_akun`, `nama_supplier`, `saldo`) VALUES
(1, 32, 'PT Bumi Tegal Alur Permai', 31000),
(2, 32, 'Hut - PT Panca Garda Utama', 2327765),
(3, 32, ' PT Golden International L P', 11175828),
(4, 32, 'Sinar Rejeki', 105289875),
(5, 32, 'Teguh Sukses Mandiri', 0),
(6, 32, 'Toko Bintang Jaya', 0),
(7, 32, 'Henson Printing', 0),
(8, 32, 'Sumber Makmur', 0),
(9, 32, 'Sukses Abadi', 0),
(10, 32, 'Cipta Lestari', 290059000),
(11, 32, 'Jaya Abadi', 0),
(12, 32, ' Indah Perkasa', 0),
(13, 32, 'PT Bureau Veritas Consumer', 0),
(14, 32, 'Dunia Pelangi', 202434900);

-- --------------------------------------------------------

--
-- Table structure for table `userid`
--

CREATE TABLE `userid` (
  `id_user` int(255) NOT NULL,
  `user` varchar(255) NOT NULL,
  `password` varchar(255) NOT NULL,
  `status` varchar(255) NOT NULL
) ENGINE=InnoDB DEFAULT CHARSET=latin1;

--
-- Dumping data for table `userid`
--

INSERT INTO `userid` (`id_user`, `user`, `password`, `status`) VALUES
(1, 'admin', '21232f297a57a5a743894a0e4a801fc3', 'admin'),
(3, 'keuangan', '1a28ba12aeb8ac65fe9a1d3dd85f192e', 'keuangan'),
(4, 'penjualan', '13bf2c8effae21d17a277520aa9b9277', 'penjualan'),
(8, 'pembelian', '025b94c9e65037bb7317c8e25389155d', 'pembelian'),
(9, 'produksi', 'edf3017a2946290b95c783bd1a7f0ba7', 'produksi'),
(10, 'distribusi', '4a8a4a98ff830e7b6681ea6d94157507', 'distribusi');

--
-- Indexes for dumped tables
--

--
-- Indexes for table `akun`
--
ALTER TABLE `akun`
  ADD PRIMARY KEY (`id_akun`);

--
-- Indexes for table `akun_a`
--
ALTER TABLE `akun_a`
  ADD PRIMARY KEY (`id_akun_a`);

--
-- Indexes for table `bahan_baku`
--
ALTER TABLE `bahan_baku`
  ADD PRIMARY KEY (`id_bahanbaku`);

--
-- Indexes for table `buku_besar`
--
ALTER TABLE `buku_besar`
  ADD PRIMARY KEY (`id_buku_besar`);

--
-- Indexes for table `customer`
--
ALTER TABLE `customer`
  ADD PRIMARY KEY (`id_cust`);

--
-- Indexes for table `isi_jurnal`
--
ALTER TABLE `isi_jurnal`
  ADD PRIMARY KEY (`id_isi_jurnal`);

--
-- Indexes for table `isi_produksi`
--
ALTER TABLE `isi_produksi`
  ADD PRIMARY KEY (`id_isi_produksi`);

--
-- Indexes for table `isi_relasi_akun`
--
ALTER TABLE `isi_relasi_akun`
  ADD PRIMARY KEY (`id_relasi_akun`);

--
-- Indexes for table `jurnal`
--
ALTER TABLE `jurnal`
  ADD PRIMARY KEY (`id_jurnal`);

--
-- Indexes for table `pembelian`
--
ALTER TABLE `pembelian`
  ADD PRIMARY KEY (`id_pembelian`);

--
-- Indexes for table `pengiriman`
--
ALTER TABLE `pengiriman`
  ADD PRIMARY KEY (`id_pengiriman`);

--
-- Indexes for table `periode`
--
ALTER TABLE `periode`
  ADD PRIMARY KEY (`id_periode`);

--
-- Indexes for table `persediaan`
--
ALTER TABLE `persediaan`
  ADD PRIMARY KEY (`id_persediaan`);

--
-- Indexes for table `pesanan`
--
ALTER TABLE `pesanan`
  ADD PRIMARY KEY (`id_pesanan`);

--
-- Indexes for table `produksi`
--
ALTER TABLE `produksi`
  ADD PRIMARY KEY (`id_produksi`);

--
-- Indexes for table `relasi_akun`
--
ALTER TABLE `relasi_akun`
  ADD PRIMARY KEY (`id_relasi`);

--
-- Indexes for table `req_pembelian`
--
ALTER TABLE `req_pembelian`
  ADD PRIMARY KEY (`id_req_pembelian`);

--
-- Indexes for table `saldo`
--
ALTER TABLE `saldo`
  ADD PRIMARY KEY (`id_saldo`);

--
-- Indexes for table `supplier`
--
ALTER TABLE `supplier`
  ADD PRIMARY KEY (`id_sup`);

--
-- Indexes for table `userid`
--
ALTER TABLE `userid`
  ADD PRIMARY KEY (`id_user`);

--
-- AUTO_INCREMENT for dumped tables
--

--
-- AUTO_INCREMENT for table `akun`
--
ALTER TABLE `akun`
  MODIFY `id_akun` int(255) NOT NULL AUTO_INCREMENT, AUTO_INCREMENT=83;
--
-- AUTO_INCREMENT for table `akun_a`
--
ALTER TABLE `akun_a`
  MODIFY `id_akun_a` int(255) NOT NULL AUTO_INCREMENT, AUTO_INCREMENT=83;
--
-- AUTO_INCREMENT for table `bahan_baku`
--
ALTER TABLE `bahan_baku`
  MODIFY `id_bahanbaku` int(255) NOT NULL AUTO_INCREMENT;
--
-- AUTO_INCREMENT for table `buku_besar`
--
ALTER TABLE `buku_besar`
  MODIFY `id_buku_besar` int(255) NOT NULL AUTO_INCREMENT, AUTO_INCREMENT=83;
--
-- AUTO_INCREMENT for table `customer`
--
ALTER TABLE `customer`
  MODIFY `id_cust` int(255) NOT NULL AUTO_INCREMENT, AUTO_INCREMENT=13;
--
-- AUTO_INCREMENT for table `isi_jurnal`
--
ALTER TABLE `isi_jurnal`
  MODIFY `id_isi_jurnal` int(255) NOT NULL AUTO_INCREMENT, AUTO_INCREMENT=1079;
--
-- AUTO_INCREMENT for table `isi_produksi`
--
ALTER TABLE `isi_produksi`
  MODIFY `id_isi_produksi` int(255) NOT NULL AUTO_INCREMENT;
--
-- AUTO_INCREMENT for table `isi_relasi_akun`
--
ALTER TABLE `isi_relasi_akun`
  MODIFY `id_relasi_akun` int(255) NOT NULL AUTO_INCREMENT, AUTO_INCREMENT=111;
--
-- AUTO_INCREMENT for table `jurnal`
--
ALTER TABLE `jurnal`
  MODIFY `id_jurnal` int(255) NOT NULL AUTO_INCREMENT, AUTO_INCREMENT=492;
--
-- AUTO_INCREMENT for table `pembelian`
--
ALTER TABLE `pembelian`
  MODIFY `id_pembelian` int(255) NOT NULL AUTO_INCREMENT;
--
-- AUTO_INCREMENT for table `pengiriman`
--
ALTER TABLE `pengiriman`
  MODIFY `id_pengiriman` int(255) NOT NULL AUTO_INCREMENT;
--
-- AUTO_INCREMENT for table `periode`
--
ALTER TABLE `periode`
  MODIFY `id_periode` int(255) NOT NULL AUTO_INCREMENT, AUTO_INCREMENT=2;
--
-- AUTO_INCREMENT for table `persediaan`
--
ALTER TABLE `persediaan`
  MODIFY `id_persediaan` int(255) NOT NULL AUTO_INCREMENT;
--
-- AUTO_INCREMENT for table `pesanan`
--
ALTER TABLE `pesanan`
  MODIFY `id_pesanan` int(255) NOT NULL AUTO_INCREMENT;
--
-- AUTO_INCREMENT for table `produksi`
--
ALTER TABLE `produksi`
  MODIFY `id_produksi` int(255) NOT NULL AUTO_INCREMENT;
--
-- AUTO_INCREMENT for table `relasi_akun`
--
ALTER TABLE `relasi_akun`
  MODIFY `id_relasi` int(255) NOT NULL AUTO_INCREMENT, AUTO_INCREMENT=34;
--
-- AUTO_INCREMENT for table `req_pembelian`
--
ALTER TABLE `req_pembelian`
  MODIFY `id_req_pembelian` int(255) NOT NULL AUTO_INCREMENT, AUTO_INCREMENT=4;
--
-- AUTO_INCREMENT for table `saldo`
--
ALTER TABLE `saldo`
  MODIFY `id_saldo` int(255) NOT NULL AUTO_INCREMENT, AUTO_INCREMENT=83;
--
-- AUTO_INCREMENT for table `supplier`
--
ALTER TABLE `supplier`
  MODIFY `id_sup` int(255) NOT NULL AUTO_INCREMENT, AUTO_INCREMENT=15;
--
-- AUTO_INCREMENT for table `userid`
--
ALTER TABLE `userid`
  MODIFY `id_user` int(255) NOT NULL AUTO_INCREMENT, AUTO_INCREMENT=11;
/*!40101 SET CHARACTER_SET_CLIENT=@OLD_CHARACTER_SET_CLIENT */;
/*!40101 SET CHARACTER_SET_RESULTS=@OLD_CHARACTER_SET_RESULTS */;
/*!40101 SET COLLATION_CONNECTION=@OLD_COLLATION_CONNECTION */;
